person_id,name,team,games,minutes,pts,oreb,dreb,ast,stl,blk,tov,value,fgm,fga,fg3m,fg3a,ftm,fta,reb,ts
2544,LeBron James,PHI,66,29.121679141495687,16.166666666666668,0.7121212121212122,4.984848484848484,5.984848484848484,1.1666666666666667,0.3484848484848485,2.1363636363636362,6.40671616161616,396,776,73,223,202,274,5.696969696969696,0.5950521995181584
201142,Kevin Durant,HOU,75,33.4326615137775,22.893333333333334,0.5466666666666666,4.906666666666666,3.933333333333333,0.6533333333333333,0.92,2.88,6.344868888888888,615,1247,161,426,326,382,5.453333333333333,0.606679481018741
201143,Al Horford,GSW,50,22.287108821255902,8.8,1.08,4.2,2.34,0.56,0.86,0.68,4.733856666666666,161,382,93,263,25,27,5.28,0.5585457499746116
201144,Mike Conley,BOS,49,18.407985968001,5.755102040816326,0.32653061224489793,1.469387755102041,3.4489795918367347,0.6326530612244898,0.22448979591836735,0.7142857142857143,2.488172789115646,98,269,63,183,23,26,1.7959183673469388,0.5027813436029097
201572,Brook Lopez,LAC,67,22.822210983671518,9.686567164179104,0.7313432835820896,3.3582089552238807,1.4029850746268657,0.746268656716418,1.2686567164179106,0.8656716417910447,4.175451741293531,242,499,94,274,71,96,4.08955223880597,0.5995491833567363
201599,DeAndre Jordan,NOP,34,15.870871187688468,4.5,2.0294117647058822,4.0,1.0294117647058822,0.5588235294117647,0.5,0.5588235294117647,3.0414137254901963,61,110,2,5,29,51,6.029411764705882,0.5776200543642405
201935,James Harden,CLE,69,35.680650264614194,22.768115942028984,0.6956521739130435,4.507246376811594,8.115942028985508,1.2608695652173914,0.5942028985507246,3.347826086956522,7.36957149758454,459,1100,203,564,450,517,5.202898550724637,0.5917226624883237
201939,Stephen Curry,GSW,50,31.825895893818064,24.56,0.6,3.68,4.5,1.08,0.38,2.12,8.09207933333333,400,894,210,552,218,239,4.28,0.6145161936026262
201942,DeMar DeRozan,DEN,65,33.10479175802546,18.369230769230768,0.4307692307692308,3.1384615384615384,4.1692307692307695,0.8,0.26153846153846155,1.4615384615384615,5.3669764102564095,428,879,61,156,277,327,3.569230769230769,0.583646175504458
201950,Jrue Holiday,POR,39,28.475182437561763,13.794871794871796,1.2820512820512822,2.9743589743589745,4.512820512820513,1.0512820512820513,0.23076923076923078,2.0256410256410255,4.876617948717948,210,434,72,201,46,56,4.256410256410256,0.5865166579452293
202331,Paul George,BOS,53,29.984905804843816,17.528301886792452,0.660377358490566,4.660377358490566,3.9056603773584904,1.528301886792453,0.49056603773584906,2.4150943396226414,4.892086792452829,327,775,145,390,130,150,5.320754716981131,0.5523186682520809
202681,Kyrie Irving,DAL,64,30.087491615258102,18.75,1.21875,3.390625,3.9375,1.0625,0.359375,2.28125,4.573079166666666,449,1025,129,379,173,191,4.609375,0.5410084397316598
202691,Klay Thompson,MIA,63,21.019644165233412,10.841269841269842,0.3968253968253968,2.3333333333333335,1.4444444444444444,0.42857142857142855,0.36507936507936506,0.8888888888888888,3.2475534391534393,243,583,165,422,32,40,2.7301587301587302,0.5685980685980686
202695,Kawhi Leonard,TOR,54,35.52056253544845,26.425925925925927,1.3333333333333333,6.314814814814815,3.1481481481481484,2.1666666666666665,0.37037037037037035,2.111111111111111,9.528783333333333,511,1079,129,376,276,318,7.648148148148148,0.5853542480228399
202696,Nikola Vučević,ORL,73,27.621111888959803,14.26027397260274,2.041095890410959,5.808219178082192,3.2054794520547945,0.7397260273972602,0.4794520547945205,1.36986301369863,6.504978995433789,423,829,106,274,89,111,7.849315068493151,0.5929326528752392
202699,Tobias Harris,SAS,49,27.71835919226928,13.183673469387756,0.7346938775510204,4.428571428571429,2.7346938775510203,0.8775510204081632,0.5714285714285714,1.163265306122449,4.894529931972788,249,500,61,160,87,101,5.163265306122449,0.5932701491440746
202710,Jimmy Butler III,GSW,34,32.05243340869233,18.323529411764707,1.9705882352941178,3.5588235294117645,5.617647058823529,1.2352941176470589,0.29411764705882354,1.7941176470588236,9.233702941176471,195,349,25,65,208,242,5.529411764705882,0.6838939141125845
203076,Anthony Davis,WAS,41,30.7775835784284,21.4390243902439,2.6341463414634148,7.048780487804878,2.951219512195122,0.7317073170731707,1.4634146341463414,1.7317073170731707,8.010837940379401,348,674,24,74,159,205,9.682926829268293,0.575111227427375
203078,Bradley Beal,LAC,50,25.323974694067143,13.86,0.44,2.6,2.94,0.76,0.46,1.56,4.102509333333333,258,532,76,200,101,129,3.04,0.588525035668184
203081,Damian Lillard,POR,57,29.048287549625822,21.07017543859649,0.6842105263157895,3.4035087719298245,5.684210526315789,0.8596491228070176,0.10526315789473684,1.7543859649122806,8.02390701754386,387,801,173,421,254,281,4.087719298245614,0.6494419449731788
203083,Andre Drummond,NYK,72,18.148539577150647,6.027777777777778,2.8333333333333335,4.944444444444445,1.0416666666666667,0.7083333333333334,0.5277777777777778,1.0,3.9464893518518513,163,357,28,78,80,113,7.777777777777779,0.5335365853658536
203084,Harrison Barnes,SAS,80,26.436356685827,9.7625,0.825,2.4625,2.1125,0.5375,0.1875,0.9375,3.267657083333333,264,608,125,347,128,159,3.2874999999999996,0.5759926839341554
203110,Draymond Green,GSW,72,29.098856678053796,9.472222222222221,0.875,5.138888888888889,5.819444444444445,1.0,0.7083333333333334,2.5694444444444446,3.6059055555555557,246,579,103,324,87,118,6.013888888888889,0.540480568059342
203114,Khris Middleton,WAS,48,22.817313498613547,9.895833333333334,0.75,3.0208333333333335,2.9583333333333335,0.6666666666666666,0.08333333333333333,1.8333333333333333,1.8504305555555554,174,413,52,160,75,81,3.7708333333333335,0.5293776747503567
203468,CJ McCollum,ATL,80,28.02335899587252,19.175,0.725,2.5375,3.4625,1.025,0.4375,1.55,5.794696805555555,574,1225,213,526,173,226,3.2625,0.5791126815861798
203471,Dennis Schröder,CHA,60,23.444760383818053,10.75,0.35,2.316666666666667,4.616666666666666,0.75,0.16666666666666666,1.45,3.2261349999999998,220,533,72,212,133,165,2.666666666666667,0.5325297225891678
203484,Kentavious Caldwell-Pope,PHI,54,18.82811648740606,5.962962962962963,0.3333333333333333,1.7962962962962963,1.7407407407407407,0.6296296296296297,0.2037037037037037,0.7592592592592593,2.254676543209876,116,262,57,147,33,40,2.1296296296296298,0.5758226037195994
203497,Rudy Gobert,MIN,71,30.768877546278834,11.084507042253522,3.5492957746478875,7.028169014084507,1.8732394366197183,0.8028169014084507,1.380281690140845,1.1267605633802817,7.717446478873239,320,477,0,5,147,241,10.577464788732394,0.6749108122941823
203500,Steven Adams,HOU,43,20.30717986277116,5.232558139534884,4.348837209302325,3.813953488372093,1.6744186046511629,0.7906976744186046,0.5116279069767442,0.9069767441860465,5.099967441860465,81,159,2,9,61,100,8.162790697674419,0.5541871921182266
203501,Tim Hardaway Jr.,MIA,69,26.077649158832514,11.507246376811594,0.18840579710144928,2.4782608695652173,1.6956521739130435,0.5797101449275363,0.10144927536231885,0.5652173913043478,3.6304555555555553,262,634,155,430,115,141,2.6666666666666665,0.5703695189931614
203507,Giannis Antetokounmpo,MIA,39,27.39116617092422,24.28205128205128,1.9230769230769231,7.666666666666667,4.384615384615385,0.6410256410256411,0.7692307692307693,2.282051282051282,8.570509401709401,366,600,11,39,204,326,9.58974358974359,0.6369041213816851
203897,Zach LaVine,SAC,63,31.685204133901973,23.396825396825395,0.36507936507936506,2.5238095238095237,2.7142857142857144,0.7777777777777778,0.23809523809523808,2.5714285714285716,5.8873560846560835,536,1043,189,460,213,254,2.888888888888889,0.6382278568706917
203901,Elfrid Payton,SAC,45,18.620892517725686,5.333333333333333,0.7111111111111111,2.3555555555555556,5.622222222222222,1.1555555555555554,0.3333333333333333,2.4444444444444446,1.7423155555555554,103,252,13,37,21,27,3.066666666666667,0.45475216007276037
203903,Jordan Clarkson,NYK,65,16.780810703231072,8.892307692307693,0.7076923076923077,0.9384615384615385,1.7538461538461538,0.3384615384615385,0.03076923076923077,1.2,1.7815158974358976,201,447,76,200,100,123,1.646153846153846,0.5767081736909323
203924,Jerami Grant,MEM,61,30.917714517852815,19.016393442622952,0.9016393442622951,3.0655737704918034,1.9344262295081966,0.9508196721311475,0.7540983606557377,2.1147540983606556,4.941031147540984,390,881,175,427,205,255,3.9672131147540983,0.5839710028191704
203932,Aaron Gordon,DEN,41,28.8296629644862,15.21951219512195,1.024390243902439,3.926829268292683,2.902439024390244,0.43902439024390244,0.3902439024390244,1.2439024390243902,5.412413550135501,214,428,65,178,131,164,4.951219512195122,0.6238003838771593
203935,Marcus Smart,HOU,42,25.447472545004157,10.30952380952381,0.5476190476190477,1.9761904761904763,2.738095238095238,1.2380952380952381,0.30952380952380953,1.1904761904761905,3.5770301587301585,145,343,75,219,68,85,2.5238095238095237,0.5691377497371188
203937,Kyle Anderson,TOR,24,22.094327611485994,7.916666666666667,1.1666666666666667,2.9166666666666665,2.4583333333333335,1.75,0.6666666666666666,1.0416666666666667,4.516820833333333,76,142,7,21,31,44,4.083333333333333,0.5887456618740704
203939,Dwight Powell,DAL,52,15.342773303672939,3.3846153846153846,1.4230769230769231,2.173076923076923,1.0769230769230769,0.4807692307692308,0.5192307692307693,0.75,1.6379185897435897,59,100,4,14,54,85,3.596153846153846,0.6404657933042213
203944,Julius Randle,BKN,80,35.37319833055332,21.7875,1.8,5.475,4.1125,1.0875,0.1625,2.8,6.0184074999999995,632,1348,136,419,343,432,7.2749999999999995,0.566615520649121
203952,Andrew Wiggins,MIA,74,29.3992839971433,15.621621621621621,1.5675675675675675,3.5135135135135136,2.445945945945946,1.027027027027027,1.0135135135135136,1.445945945945946,5.713695945945946,424,928,157,383,151,194,5.081081081081081,0.5703797268492934
203954,Joel Embiid,PHI,53,27.557986871560757,18.867924528301888,1.7169811320754718,5.320754716981132,3.5660377358490565,0.49056603773584906,1.150943396226415,2.4150943396226414,6.390793710691822,333,677,54,151,280,314,7.037735849056604,0.6133765150399922
203991,Clint Capela,HOU,66,11.820559865271491,4.287878787878788,1.8181818181818181,2.5757575757575757,0.6666666666666666,0.4393939393939394,0.6212121212121212,0.7878787878787878,2.554079292929293,113,206,2,6,55,94,4.393939393939394,0.5720407503234153
203992,Bogdan Bogdanović,HOU,41,18.176812361233846,6.7073170731707314,0.2926829268292683,1.975609756097561,2.4634146341463414,0.5609756097560976,0.14634146341463414,1.146341463414634,1.734278861788618,98,242,50,138,29,35,2.268292682926829,0.5341880341880343
203994,Jusuf Nurkić,UTA,37,26.67651288016641,11.0,2.2972972972972974,7.54054054054054,3.7837837837837838,1.2702702702702702,0.21621621621621623,2.6486486486486487,4.2868306306306305,159,326,31,79,58,95,9.837837837837839,0.553289831430125
203999,Nikola Jokić,DEN,48,34.91044244723194,26.1875,2.5208333333333335,10.645833333333334,8.291666666666666,1.2916666666666667,0.9166666666666666,3.5833333333333335,11.763421527777778,455,795,99,227,248,311,13.166666666666668,0.6744720123626373
204001,Kristaps Porziņģis,GSW,57,25.206302208868436,16.36842105263158,1.1754385964912282,4.543859649122807,2.5789473684210527,0.7017543859649122,1.1754385964912282,1.5263157894736843,5.263405263157893,322,718,106,309,183,221,5.719298245614036,0.5722241303174526
204456,T.J. McConnell,IND,39,18.096012154289017,10.23076923076923,0.38461538461538464,1.7435897435897436,5.0256410256410255,1.0769230769230769,0.3076923076923077,1.2564102564102564,4.79751452991453,179,326,11,32,30,39,2.128205128205128,0.5813614640400978
1626145,Tyus Jones,DEN,57,15.84706642937348,5.245614035087719,0.3157894736842105,1.1228070175438596,3.491228070175439,0.3508771929824561,0.03508771929824561,0.47368421052631576,2.959904678362573,111,236,58,131,19,24,1.4385964912280702,0.6063432835820896
1626157,Karl-Anthony Towns,NYK,66,28.50142476467553,18.59090909090909,3.121212121212121,8.06060606060606,2.742424242424242,0.7878787878787878,0.5606060606060606,1.9393939393939394,8.199690404040403,420,825,97,239,290,335,11.181818181818182,0.6309132044426162
1626162,Kelly Oubre Jr.,IND,57,31.88466050325859,14.087719298245615,1.0350877192982457,4.280701754385965,1.631578947368421,0.9649122807017544,0.45614035087719296,1.263157894736842,4.393125146198829,297,642,86,230,123,173,5.315789473684211,0.5590987578677659
1626164,Devin Booker,PHX,52,32.669261185317005,24.0,0.9615384615384616,2.8653846153846154,5.461538461538462,0.8846153846153846,0.21153846153846154,2.423076923076923,6.509499999999999,417,897,113,315,301,342,3.826923076923077,0.5957154313208844
1626167,Myles Turner,MIL,72,25.536741128105955,12.222222222222221,0.9861111111111112,4.222222222222222,1.5416666666666667,0.6805555555555556,1.5694444444444444,1.2222222222222223,4.4564912037037026,310,688,141,374,119,157,5.208333333333334,0.5811803244042901
1626168,Trey Lyles,MIN,45,15.616727133474612,5.844444444444444,1.1777777777777778,2.7111111111111112,1.2222222222222223,0.37777777777777777,0.28888888888888886,0.7111111111111111,2.141414814814815,90,234,40,139,43,64,3.8888888888888893,0.5016020750686603
1626171,Bobby Portis,MIA,75,23.51561673794467,12.4,1.4533333333333334,5.306666666666667,1.8133333333333332,0.64,0.16,0.96,4.157229777777777,369,824,122,302,70,97,6.76,0.5365302072275812
1626172,Kevon Looney,LAL,46,15.653346276141697,4.021739130434782,2.5217391304347827,3.630434782608696,1.9782608695652173,0.43478260869565216,0.3695652173913043,0.6086956521739131,3.5582572463768116,80,150,5,20,20,36,6.1521739130434785,0.5577665219488663
1626181,Norman Powell,CHI,48,31.859680137411033,22.666666666666668,0.4583333333333333,3.4791666666666665,2.3541666666666665,0.9791666666666666,0.1875,2.375,4.632585185185184,384,822,135,369,185,237,3.9375,0.5872954182320681
1626204,Larry Nance Jr.,IND,13,14.543306171088359,4.846153846153846,0.46153846153846156,2.3076923076923075,0.8461538461538461,0.7692307692307693,0.38461538461538464,0.6923076923076923,2.222905128205128,22,50,11,26,8,10,2.769230769230769,0.5790441176470588
1626209,Mario Hezonja,CLE,3,14.375723185976218,8.666666666666666,0.3333333333333333,1.3333333333333333,1.3333333333333333,0.0,1.0,1.6666666666666667,2.1436444444444445,7,15,4,8,8,9,1.6666666666666665,0.6856540084388185
1626220,Royce O'Neale,CHA,80,28.06508012824356,10.9875,0.5625,3.875,2.5375,0.9125,0.525,1.6,3.7147054166666664,312,749,227,590,28,36,4.4375,0.5746299879713404
1627732,Ben Simmons,SAC,46,19.358039077186167,4.826086956521739,0.7391304347826086,2.9565217391304346,5.065217391304348,0.5652173913043478,0.2608695652173913,1.891304347826087,1.669481884057971,97,211,4,11,24,29,3.695652173913043,0.4960672148730783
1627734,Domantas Sabonis,SAC,38,28.55739810068665,15.894736842105264,3.236842105263158,7.2631578947368425,4.7631578947368425,0.5263157894736842,0.3157894736842105,2.3157894736842106,6.609857894736841,242,432,19,67,101,153,10.5,0.6048225586798045
1627739,Kris Dunn,LAC,80,28.66816293920609,7.5875,0.85,3.2,3.8625,2.0375,0.2375,1.35,4.2701633333333335,236,514,83,227,52,66,4.05,0.5588906894519741
1627741,Buddy Hield,CHI,40,18.035957082381106,10.525,0.5,1.925,1.45,0.725,0.175,0.7,3.8592308333333336,149,323,94,232,29,33,2.425,0.6236667456743304
1627742,Brandon Ingram,LAC,78,34.90742337901405,23.307692307692307,0.9230769230769231,5.256410256410256,3.7948717948717947,0.7307692307692307,0.8461538461538461,2.5641025641025643,6.253605128205127,693,1421,150,385,282,355,6.17948717948718,0.5763378138473244
1627747,Caris LeVert,MIL,20,18.581077090107495,7.55,0.35,2.2,2.65,0.55,0.75,1.2,2.6046366666666665,58,121,18,57,17,22,2.5500000000000003,0.5777471686562595
1627749,Dejounte Murray,NOP,49,24.932182035812914,15.285714285714286,0.3469387755102041,3.7142857142857144,4.836734693877551,1.2653061224489797,0.20408163265306123,2.5714285714285716,4.861599999999999,286,560,71,187,106,129,4.061224489795919,0.6072053959400739
1627750,Jamal Murray,DEN,80,36.13585709270303,22.7375,0.3875,4.2375,6.55,1.0375,0.4,2.275,7.352332083333332,659,1412,215,556,286,327,4.625,0.5845566496130806
1627751,Jakob Poeltl,TOR,35,28.3066519549386,13.514285714285714,3.085714285714286,5.2,2.3714285714285714,1.1142857142857143,1.1714285714285715,1.9142857142857144,6.802403809523809,198,318,0,2,77,102,8.285714285714286,0.6517305996472663
1627752,Taurean Prince,DET,42,23.42882295059839,7.738095238095238,0.30952380952380953,3.380952380952381,2.238095238095238,0.5,0.23809523809523808,0.9761904761904762,3.3830285714285715,113,243,76,164,23,27,3.6904761904761907,0.6375549278091651
1627759,Jaylen Brown,PHI,70,30.238371004463865,19.385714285714286,0.9714285714285714,5.314285714285714,4.1571428571428575,1.0,0.37142857142857144,2.4714285714285715,5.551344761904761,498,1036,100,280,261,328,6.285714285714286,0.574844110071845
1627777,Georges Niang,GSW,63,18.373031268464995,7.857142857142857,0.4603174603174603,2.4444444444444446,1.0,0.3492063492063492,0.2222222222222222,0.8253968253968254,1.9898560846560844,178,414,106,281,33,43,2.904761904761905,0.5716991591980042
1627780,Gary Payton II,GSW,46,17.29092922225641,8.847826086956522,1.391304347826087,2.717391304347826,1.9782608695652173,1.1521739130434783,0.30434782608695654,0.8043478260869565,4.671621739130435,174,296,29,88,30,41,4.108695652173913,0.6480066233600815
1627783,Pascal Siakam,IND,50,33.487977740266516,21.7,1.74,5.2,3.62,1.32,0.62,2.06,7.5367359999999985,417,840,95,220,156,226,6.94,0.5774716852593034
1627826,Ivica Zubac,IND,38,30.421784541088133,15.31578947368421,3.1842105263157894,7.315789473684211,2.1842105263157894,0.2894736842105263,0.8157894736842105,1.736842105263158,6.718921929824561,250,421,2,4,80,108,10.5,0.621104755399983
1627827,Dorian Finney-Smith,ATL,43,15.898846784300813,3.302325581395349,0.7674418604651163,1.4883720930232558,0.8372093023255814,0.5813953488372093,0.09302325581395349,0.5116279069767442,1.3831271317829457,52,135,29,88,9,12,2.255813953488372,0.5061305959509552
1627832,Fred VanVleet,HOU,64,25.643467117586304,9.84375,0.34375,2.171875,4.15625,0.984375,0.375,0.984375,3.134546354166666,225,602,114,368,66,83,2.515625,0.49332832174403307
1627884,Derrick Jones Jr.,LAC,63,27.801324405878756,10.238095238095237,1.1746031746031746,2.7936507936507935,1.1746031746031746,1.1428571428571428,0.873015873015873,0.9682539682539683,3.8531671957671954,234,505,66,214,111,145,3.9682539682539684,0.5669831223628693
1627936,Alex Caruso,OKC,41,22.750479185401712,9.317073170731707,0.7804878048780488,2.341463414634146,2.8536585365853657,2.1463414634146343,0.4634146341463415,0.8292682926829268,5.667642276422764,143,287,58,167,38,48,3.1219512195121952,0.619888355186291
1628368,De'Aaron Fox,SAS,49,30.679214100894963,17.102040816326532,0.6530612244897959,2.693877551020408,5.938775510204081,0.8571428571428571,0.30612244897959184,1.8979591836734695,5.096469841269841,315,663,68,229,140,169,3.346938775510204,0.5682434631658891
1628369,Jayson Tatum,BOS,45,31.639916312386912,23.68888888888889,0.9555555555555556,6.4222222222222225,4.288888888888889,0.9555555555555556,0.37777777777777777,2.8666666666666667,6.473556296296295,368,828,140,420,190,225,7.377777777777778,0.5749730312837109
1628370,Malik Monk,SAC,61,22.368671685696057,13.80327868852459,0.26229508196721313,1.5573770491803278,3.442622950819672,0.4262295081967213,0.29508196721311475,2.0,2.4517278688524584,307,714,126,348,102,118,1.819672131147541,0.5496657614372259
1628371,Jonathan Isaac,ORL,11,10.764194300563794,3.4545454545454546,0.8181818181818182,1.9090909090909092,0.7272727272727273,0.5454545454545454,0.7272727272727273,0.6363636363636364,1.5890939393939396,14,33,3,13,7,10,2.7272727272727275,0.5080213903743316
1628374,Lauri Markkanen,UTA,54,34.090527501082065,23.61111111111111,1.6111111111111112,4.555555555555555,1.6851851851851851,1.037037037037037,0.35185185185185186,1.6296296296296295,8.307674691358024,423,898,160,426,269,297,6.166666666666666,0.6197262511179376
1628378,Donovan Mitchell,CLE,64,34.435891234654704,26.234375,0.75,3.8125,5.1875,1.25,0.296875,2.53125,7.667620833333332,588,1242,195,568,308,359,4.5625,0.5996599902854367
1628379,Luke Kennard,PHX,79,21.390094356833472,8.50632911392405,0.46835443037974683,1.7974683544303798,2.632911392405063,0.7974683544303798,0.10126582278481013,0.8481012658227848,3.7153295358649787,243,507,131,315,55,63,2.2658227848101267,0.6283662477558347
1628380,Zach Collins,CHI,41,20.761447961107663,9.75609756097561,2.5853658536585367,4.0,2.5365853658536586,0.6585365853658537,0.34146341463414637,1.2682926829268293,4.736382113821138,154,293,39,88,53,71,6.585365853658537,0.616827041697508
1628381,John Collins,DET,57,27.318875914219518,15.087719298245615,1.7894736842105263,4.421052631578948,1.3508771929824561,0.6842105263157895,0.5789473684210527,1.894736842105263,4.729107602339181,333,601,72,189,122,158,6.210526315789474,0.6412933245839051
1628384,OG Anunoby,NYK,78,30.858226379210965,15.474358974358974,0.8846153846153846,3.6794871794871793,2.076923076923077,1.3717948717948718,0.5897435897435898,1.4487179487179487,6.000540455840455,434,868,162,425,177,215,4.564102564102564,0.6269478495740702
1628386,Jarrett Allen,CLE,57,28.03456719664758,13.824561403508772,2.9649122807017543,6.491228070175438,1.8771929824561404,0.8771929824561403,0.8421052631578947,1.1228070175438596,8.24467894736842,315,490,2,7,156,203,9.456140350877192,0.6801077124905061
1628389,Bam Adebayo,MIA,76,31.5227438046835,19.157894736842106,1.736842105263158,6.75,3.1447368421052633,1.0263157894736843,0.5263157894736842,1.9605263157894737,6.312209210526315,508,1122,115,354,325,430,8.486842105263158,0.5552165954850519
1628392,Isaiah Hartenstein,OKC,48,30.03859248022401,10.291666666666666,3.75,7.666666666666667,4.875,0.9583333333333334,1.1458333333333333,1.9166666666666667,6.935797916666666,207,375,3,15,77,112,11.416666666666668,0.5821627227302725
1628396,Tony Bradley,NYK,7,11.701675658862438,2.142857142857143,0.8571428571428571,1.5714285714285714,0.8571428571428571,0.2857142857142857,0.14285714285714285,0.14285714285714285,-0.13357142857142848,4,22,0,2,7,9,2.4285714285714284,0.28890600924499227
1628398,Kyle Kuzma,MIL,71,24.60707440279286,13.126760563380282,0.352112676056338,3.492957746478873,2.563380281690141,0.49295774647887325,0.323943661971831,1.4788732394366197,3.2925676056338022,369,754,89,262,105,159,3.845070422535211,0.5655614350211176
1628401,Derrick White,BOS,80,34.19179804549987,19.675,1.025,3.7,5.325,0.8875,1.1375,2.05,7.154067083333333,544,1235,299,785,187,218,4.725,0.5913202897244011
1628404,Josh Hart,NYK,63,27.731114921520092,10.666666666666666,1.3968253968253967,4.809523809523809,4.7936507936507935,0.9682539682539683,0.2857142857142857,1.8253968253968254,4.9646677248677245,258,524,69,189,87,114,6.206349206349206,0.5852027309460778
1628415,Dillon Brooks,PHX,49,29.629342705594578,18.448979591836736,0.9387755102040817,2.9591836734693877,2.142857142857143,1.1428571428571428,0.08163265306122448,1.3265306122448979,4.719040136054422,331,730,120,319,122,152,3.8979591836734695,0.5672121272964562
1628418,Thomas Bryant,CLE,45,13.336446085323248,6.2444444444444445,1.2,2.1333333333333333,0.6,0.26666666666666666,0.5555555555555556,0.3111111111111111,3.0799286419753082,105,206,34,104,37,43,3.333333333333333,0.6246665481059932
1628436,Luke Kornet,SAS,71,21.56181960869534,7.225352112676056,2.8309859154929575,3.1690140845070425,2.1690140845070425,0.5352112676056338,1.1408450704225352,0.5633802816901409,5.485044131455399,200,313,2,6,111,142,6.0,0.6831255992329818
1628960,Grayson Allen,CHA,55,27.764260596310283,14.927272727272728,0.7454545454545455,2.1636363636363636,3.036363636363636,1.0,0.36363636363636365,1.690909090909091,4.040381212121211,269,665,160,467,123,141,2.909090909090909,0.5646181778169015
1628963,Marvin Bagley III,DEN,69,21.211465420608988,9.956521739130435,2.3768115942028984,3.9565217391304346,1.5507246376811594,0.5362318840579711,0.8840579710144928,1.1014492753623188,4.842281159420289,288,480,22,59,89,133,6.333333333333333,0.6378593181311744
1628964,Mo Bamba,UTA,31,11.28071857639684,3.6129032258064515,0.9032258064516129,2.6774193548387095,0.5161290322580645,0.22580645161290322,0.6129032258064516,0.9354838709677419,1.1499333333333335,38,98,13,35,23,28,3.5806451612903225,0.5076142131979696
1628969,Mikal Bridges,NYK,80,30.61153499496883,14.4375,0.6375,2.2375,2.9875,0.9,0.6,0.975,5.293860833333333,458,933,139,376,100,116,2.875,0.5868663875452218
1628970,Miles Bridges,PHX,69,30.313699569084747,18.217391304347824,1.0144927536231885,5.550724637681159,3.289855072463768,0.7246376811594203,0.43478260869565216,1.6956521739130435,6.18665265700483,463,977,139,387,192,230,6.565217391304348,0.5829159710628824
1628971,Bruce Brown,NYK,75,22.75317017247105,7.626666666666667,0.9333333333333333,2.6266666666666665,2.52,0.9866666666666667,0.21333333333333335,1.0,3.165201333333333,204,454,54,152,110,123,3.5599999999999996,0.5628591671258758
1628973,Jalen Brunson,NYK,74,32.46190601018412,23.486486486486488,0.28378378378378377,2.4324324324324325,5.621621621621622,0.8378378378378378,0.06756756756756757,2.5945945945945947,5.862490090090089,615,1297,169,465,339,414,2.7162162162162162,0.587495605613997
1628975,Jevon Carter,ORL,48,16.070181303827862,6.083333333333333,0.25,1.4583333333333333,1.8125,0.6458333333333334,0.1875,0.4791666666666667,2.266250694444444,103,267,69,197,17,20,1.7083333333333333,0.529369108049311
1628976,Wendell Carter Jr.,ORL,80,28.948962610692757,10.225,2.1625,5.0125,2.0,0.7125,0.6625,1.3125,3.964185833333333,299,638,67,215,153,203,7.175000000000001,0.56233844800088
1628978,Donte DiVincenzo,MIN,80,30.03367581931526,12.2625,0.7125,3.5875,4.175,1.2375,0.3125,1.4375,4.344960833333333,332,871,237,670,80,104,4.3,0.5350364326541298
1628983,Shai Gilgeous-Alexander,OKC,70,37.41563504182406,34.457142857142856,0.6571428571428571,4.0,5.828571428571428,1.6714285714285715,0.8142857142857143,2.5428571428571427,12.095354285714285,850,1541,134,369,578,657,4.6571428571428575,0.6589875852421753
1628989,Kevin Huerter,DET,54,22.878905358755173,9.925925925925926,0.42592592592592593,2.759259259259259,2.574074074074074,1.0555555555555556,0.6111111111111112,1.1111111111111112,3.63416975308642,207,459,85,263,37,51,3.185185185185185,0.556663343303423
1628991,Jaren Jackson Jr.,UTA,55,30.802776294806595,18.836363636363636,1.2363636363636363,4.963636363636364,1.9636363636363636,1.2363636363636363,1.4545454545454546,1.709090909090909,5.219365454545454,387,866,94,289,168,221,6.2,0.537768365101117
1628997,Caleb Martin,DAL,50,15.371682712652905,4.72,0.58,1.92,1.22,0.62,0.24,0.56,1.879204,94,199,21,62,27,46,2.5,0.5382229520160554
1629001,De'Anthony Melton,GSW,48,24.37945516581455,12.3125,0.7291666666666666,2.75,2.9166666666666665,1.7708333333333333,0.5208333333333334,1.875,4.298136805555555,215,502,73,234,88,109,3.4791666666666665,0.5373118044948724
1629004,Svi Mykhailiuk,UTA,55,23.394142151036466,9.4,0.6909090909090909,1.8909090909090909,2.2,0.36363636363636365,0.16363636363636364,0.8,3.5218036363636362,193,411,103,261,28,35,2.581818181818182,0.6062382739212008
1629006,Josh Okogie,UTA,62,18.248641465917853,6.241935483870968,0.9516129032258065,1.6451612903225807,1.0806451612903225,0.8225806451612904,0.24193548387096775,0.6129032258064516,3.2705408602150534,133,257,61,133,60,82,2.596774193548387,0.6602292889313498
1629008,Michael Porter Jr.,BKN,53,34.105612347184575,22.50943396226415,1.8867924528301887,6.169811320754717,2.2830188679245285,0.8490566037735849,0.3584905660377358,1.5849056603773586,7.487329140461215,424,950,167,482,178,219,8.056603773584905,0.5700714859130701
1629011,Mitchell Robinson,BOS,49,19.59128637819495,5.979591836734694,4.142857142857143,4.428571428571429,1.163265306122449,0.8367346938775511,1.0408163265306123,0.7755102040816326,5.882414285714285,124,181,4,7,41,74,8.571428571428573,0.6859898857463944
1629012,Collin Sexton,LAL,72,25.364343678615903,16.208333333333332,0.6944444444444444,1.8194444444444444,3.888888888888889,1.1944444444444444,0.08333333333333333,1.8194444444444444,5.348872685185184,399,812,130,321,239,283,2.513888888888889,0.6230512962883868
1629013,Landry Shamet,NYK,46,21.123782702484206,8.565217391304348,0.34782608695652173,1.5,1.326086956521739,0.34782608695652173,0.13043478260869565,0.6086956521739131,2.066273913043478,142,341,77,222,33,46,1.8478260869565217,0.5453438157457646
1629014,Anfernee Simons,PHI,63,21.859615917523175,11.492063492063492,0.4444444444444444,1.7142857142857142,2.5873015873015874,0.49206349206349204,0.1111111111111111,1.0,3.5556354497354494,266,585,114,309,78,90,2.1587301587301586,0.579570925392251
1629018,Gary Trent Jr.,MIL,65,20.15517076658614,10.23076923076923,0.2923076923076923,1.0769230769230769,1.3692307692307693,0.49230769230769234,0.046153846153846156,0.6153846153846154,3.571693333333333,226,496,153,354,60,72,1.3692307692307693,0.6301167374166162
1629020,Jarred Vanderbilt,LAL,53,18.961825389564215,5.6415094339622645,1.4339622641509433,3.2264150943396226,1.6415094339622642,1.0943396226415094,0.41509433962264153,0.7735849056603774,3.6182345911949687,123,224,25,78,28,55,4.660377358490566,0.6023368251410154
1629021,Moritz Wagner,BKN,27,14.398480982018786,8.592592592592593,0.7777777777777778,3.1481481481481484,0.8888888888888888,0.3333333333333333,0.07407407407407407,0.7037037037037037,2.704706172839506,80,157,16,41,56,70,3.925925925925926,0.6176783812566561
1629022,Lonnie Walker IV,DEN,70,20.07081979865381,10.028571428571428,0.5571428571428572,2.6285714285714286,2.242857142857143,0.5285714285714286,0.2571428571428571,0.8857142857142857,3.104228095238095,252,581,136,350,62,84,3.185714285714286,0.5679979286685222
1629023,P.J. Washington,DAL,50,31.75003237874807,15.52,1.18,5.82,2.14,0.86,1.08,1.98,4.562363333333333,295,640,86,249,100,153,7.0,0.5485494542781202
1629026,Kenrich Williams,OKC,54,18.53242301419884,8.537037037037036,1.1111111111111112,3.314814814814815,1.9259259259259258,0.6481481481481481,0.2222222222222222,0.6296296296296297,3.895777160493827,180,349,65,151,36,53,4.425925925925926,0.6190911044262999
1629027,Trae Young,WAS,36,25.59663219580875,17.02777777777778,0.4166666666666667,2.2222222222222223,7.388888888888889,0.9722222222222222,0.1388888888888889,2.638888888888889,5.191007407407407,212,449,71,187,118,140,2.638888888888889,0.6002741872307089
1629028,Deandre Ayton,WAS,74,27.824236724596076,13.945945945945946,2.608108108108108,6.175675675675675,1.0945945945945945,0.6351351351351351,0.8378378378378378,1.0405405405405406,6.86335,460,722,13,25,99,141,8.783783783783782,0.6581296872608541
1629029,Luka Dončić,LAL,60,36.590999484891306,30.183333333333334,0.6333333333333333,6.7,7.1,1.75,0.48333333333333334,4.083333333333333,8.730995555555554,599,1264,223,609,390,525,7.333333333333334,0.605685618729097
1629048,Goga Bitadze,ORL,62,15.054619056429177,4.919354838709677,2.0806451612903225,2.467741935483871,1.5806451612903225,0.41935483870967744,0.7903225806451613,0.7096774193548387,3.5659582437275983,124,199,7,17,50,63,4.548387096774194,0.672635850388144
1629057,Robert Williams III,POR,55,17.981809304447193,6.545454545454546,2.4727272727272727,4.3090909090909095,1.2363636363636363,0.6181818181818182,1.4363636363636363,0.7272727272727273,5.136058181818182,154,241,9,26,43,57,6.781818181818182,0.6764882742032472
1629060,Rui Hachimura,LAC,43,28.786938946014967,13.093023255813954,0.6046511627906976,3.116279069767442,1.1395348837209303,0.7674418604651163,0.32558139534883723,0.7441860465116279,4.619450387596899,217,420,83,192,46,61,3.72093023255814,0.6299794109748457
1629111,Jock Landale,ATL,72,20.787908337233745,10.097222222222221,2.486111111111111,2.861111111111111,1.9861111111111112,0.4861111111111111,0.5277777777777778,0.7361111111111112,4.780499074074074,289,565,63,171,86,131,5.347222222222222,0.5838044455865348
1629130,Duncan Robinson,DET,80,27.914612398849584,11.7375,0.3875,2.65,2.525,0.725,0.2,0.9375,3.777907083333333,321,747,216,560,81,107,3.0375,0.591250251863792
1629234,Drew Eubanks,NYK,11,13.245814818139564,6.818181818181818,1.0909090909090908,2.3636363636363638,0.7272727272727273,0.2727272727272727,0.9090909090909091,0.36363636363636365,3.6775333333333333,30,53,3,5,12,20,3.4545454545454546,0.6067961165048544
1629312,Haywood Highsmith,PHX,63,19.0547851765904,5.920634920634921,0.6031746031746031,1.9841269841269842,1.3492063492063493,0.6507936507936508,0.47619047619047616,0.6190476190476191,2.70045873015873,133,284,68,168,39,48,2.5873015873015874,0.6112349239643419
1629611,Terance Mann,BKN,52,26.328295544958394,8.403846153846153,1.2115384615384615,2.173076923076923,2.8461538461538463,0.6923076923076923,0.40384615384615385,0.8461538461538461,3.1753416666666663,170,371,46,160,51,59,3.384615384615384,0.5504332930270053
1629614,Andrew Nembhard,IND,36,30.472615391590814,15.0,0.3888888888888889,2.9166666666666665,6.611111111111111,0.6666666666666666,0.19444444444444445,2.8055555555555554,4.26637037037037,197,410,62,153,84,102,3.3055555555555554,0.5935631375307774
1629618,Jalen Pickett,LAC,33,17.083262726359628,6.515151515151516,0.3939393939393939,2.606060606060606,2.8181818181818183,0.3939393939393939,0.21212121212121213,0.6363636363636364,2.8777090909090908,81,184,40,106,13,17,3.0,0.5614163359097556
1629622,Max Strus,LAC,44,24.63527109263774,10.090909090909092,0.9545454545454546,4.136363636363637,2.522727272727273,0.5227272727272727,0.06818181818181818,1.2954545454545454,3.9540856060606058,152,341,108,273,32,39,5.090909090909092,0.6198347107438017
1629627,Zion Williamson,NOP,55,26.878706462005052,16.618181818181817,2.1272727272727274,3.1454545454545455,3.036363636363636,0.9272727272727272,0.6909090909090909,1.8545454545454545,5.358253939393939,335,594,3,14,241,356,5.272727272727273,0.6088138122135778
1629628,RJ Barrett,TOR,51,33.613260180731665,21.254901960784313,0.8627450980392157,5.549019607843137,4.019607843137255,0.9411764705882353,0.29411764705882354,2.019607843137255,5.938915032679737,399,821,110,291,176,260,6.411764705882353,0.579431259354287
1629630,Ja Morant,POR,52,27.63798560228884,20.076923076923077,0.7884615384615384,2.980769230769231,7.076923076923077,1.0,0.25,2.9423076923076925,5.744543589743589,373,773,83,221,215,257,3.769230769230769,0.5891115926327194
1629631,De'Andre Hunter,SAC,39,26.092901209845024,16.487179487179485,0.6923076923076923,3.230769230769231,1.5897435897435896,0.7692307692307693,0.28205128205128205,1.2820512820512822,4.551735897435897,224,496,87,242,108,133,3.9230769230769234,0.579780711245762
1629632,Coby White,CHA,50,24.164947402950155,15.3,0.36,3.04,3.36,0.58,0.18,2.06,3.8092919999999997,250,569,90,277,175,194,3.4,0.5845406198422887
1629636,Darius Garland,LAC,62,30.536808997921252,19.758064516129032,0.46774193548387094,2.564516129032258,6.403225806451613,1.0483870967741935,0.12903225806451613,2.870967741935484,5.390127419354838,451,981,164,437,159,174,3.032258064516129,0.5791633571617686
1629637,Jaxson Hayes,UTA,67,19.032574326427316,7.701492537313433,1.5671641791044777,2.611940298507463,0.9402985074626866,0.6119402985074627,0.7611940298507462,0.746268656716418,4.152005970149253,202,274,2,5,110,169,4.179104477611941,0.74061315880124
1629638,Nickeil Alexander-Walker,ATL,78,31.360829679814216,16.58974358974359,0.8333333333333334,2.8974358974358974,3.7564102564102564,1.294871794871795,0.4358974358974359,1.6923076923076923,5.395347435897436,451,1039,205,573,187,213,3.730769230769231,0.5711914683240342
1629639,Tyler Herro,MIL,45,28.696782758007117,20.8,0.26666666666666666,3.9555555555555557,4.466666666666667,0.7333333333333333,0.28888888888888886,2.088888888888889,6.620916296296295,346,685,118,314,126,146,4.222222222222222,0.6246329614008862
1629640,Keldon Johnson,SAS,76,23.882766503250004,13.5,1.631578947368421,3.6052631578947367,1.631578947368421,0.631578947368421,0.23684210526315788,0.9342105263157895,5.062967251461988,392,770,92,273,150,191,5.2368421052631575,0.600674441478151
1629645,Kevin Porter Jr.,MIL,42,30.34316595762669,15.595238095238095,0.8095238095238095,4.142857142857143,6.380952380952381,1.9523809523809523,0.42857142857142855,2.5714285714285716,6.284235714285715,236,504,50,153,133,156,4.9523809523809526,0.571912545403744
1629646,Charles Bassey,GSW,14,13.663320736868458,4.357142857142857,1.3571428571428572,2.4285714285714284,1.2857142857142858,0.7142857142857143,0.5,0.5,2.5371785714285715,26,49,1,4,8,14,3.7857142857142856,0.5529369108049311
1629651,Nic Claxton,CHI,73,30.861294054304324,14.068493150684931,2.643835616438356,5.328767123287672,3.9178082191780823,0.7671232876712328,1.1917808219178083,1.4246575342465753,6.933953881278539,432,729,10,22,153,244,7.972602739726028,0.6139700607393945
1629652,Luguentz Dort,ATL,77,25.161389185554615,7.961038961038961,1.1168831168831168,2.948051948051948,1.2727272727272727,1.051948051948052,0.38961038961038963,0.7142857142857143,2.6440038961038956,216,593,137,420,44,53,4.064935064935065,0.4973065939771547
1629655,Daniel Gafford,DAL,55,22.23038411062599,11.854545454545455,2.381818181818182,3.981818181818182,1.4545454545454546,0.7090909090909091,1.3636363636363635,1.3454545454545455,5.556866060606061,275,411,1,3,101,149,6.363636363636363,0.6840691623300319
1629656,Quentin Grimes,LAL,75,31.286622529857294,14.266666666666667,0.92,3.4133333333333336,3.506666666666667,0.9733333333333334,0.3466666666666667,2.2266666666666666,4.645222814814814,373,794,149,412,175,214,4.333333333333334,0.602368942532877
1629660,Ty Jerome,MEM,42,23.648946879227985,16.714285714285715,0.6666666666666666,2.261904761904762,4.214285714285714,1.5476190476190477,0.21428571428571427,1.5,6.954562962962962,251,488,90,210,110,132,2.9285714285714284,0.6427629651333138
1629661,Cameron Johnson,DEN,43,31.25186700718007,13.186046511627907,0.9302325581395349,2.953488372093023,2.6744186046511627,0.9534883720930233,0.46511627906976744,1.2325581395348837,4.664582170542635,188,425,85,238,106,123,3.883720930232558,0.5917098013023877
1629673,Jordan Poole,NOP,49,21.631245242984594,11.551020408163266,0.4897959183673469,1.6326530612244898,2.795918367346939,0.4897959183673469,0.24489795918367346,1.510204081632653,2.376443537414966,181,464,106,288,98,110,2.122448979591837,0.5523028883684622
1629674,Neemias Queta,BOS,73,25.40829796206546,11.41095890410959,2.808219178082192,5.4520547945205475,2.1095890410958904,0.726027397260274,1.3972602739726028,1.2328767123287672,6.226992541856925,357,557,3,11,116,166,8.26027397260274,0.6610691384673989
1629675,Naz Reid,CHA,67,25.258470826810896,13.686567164179104,1.0,4.492537313432836,1.9850746268656716,0.9402985074626866,1.0,1.5522388059701493,4.619205472636816,336,744,149,394,96,117,5.492537313432836,0.5763815557902147
1629680,Matisse Thybulle,LAL,29,17.06613352999618,4.931034482758621,0.4482758620689655,1.3793103448275863,1.206896551724138,1.7586206896551724,0.5172413793103449,1.1379310344827587,2.41357816091954,53,127,24,76,13,17,1.8275862068965518,0.5316775728732898
1629684,Grant Williams,CHA,36,19.564088218405878,7.416666666666667,1.2222222222222223,2.5833333333333335,2.138888888888889,0.5555555555555556,0.5,0.9444444444444444,3.241230555555555,93,203,56,140,25,35,3.805555555555556,0.6112637362637362
1629731,Dean Wade,PHI,68,19.931539066593928,4.5,0.5882352941176471,3.3088235294117645,1.25,0.5294117647058824,0.29411764705882354,0.20588235294117646,2.526207352941176,110,263,65,191,21,23,3.8970588235294117,0.5601933216168717
1629750,Javonte Green,DET,54,18.34036128388095,7.87037037037037,0.7407407407407407,2.2037037037037037,0.9814814814814815,1.2037037037037037,0.2962962962962963,0.5,4.025564197530864,139,310,74,179,73,86,2.9444444444444446,0.6109130634774609
1630162,Anthony Edwards,MIN,53,33.17439916861518,24.0,0.4339622641509434,4.471698113207547,3.509433962264151,1.3018867924528301,0.6792452830188679,2.849056603773585,5.84969433962264,432,984,147,442,261,311,4.90566037735849,0.5674315691802577
1630163,LaMelo Ball,MIN,68,27.182310034569326,19.61764705882353,1.1029411764705883,3.6029411764705883,5.8088235294117645,1.0441176470588236,0.29411764705882354,2.8529411764705883,5.27207156862745,475,1118,227,626,157,180,4.705882352941177,0.557133311059138
1630164,James Wiseman,NYK,11,10.258078679461162,3.8181818181818183,0.6363636363636364,0.45454545454545453,0.8181818181818182,0.09090909090909091,0.18181818181818182,0.36363636363636365,1.4364181818181818,19,35,3,9,1,1,1.0909090909090908,0.5925507900677202
1630166,Deni Avdija,POR,68,32.83790610531739,21.779411764705884,1.2794117647058822,5.735294117647059,5.75,0.7941176470588235,0.7058823529411765,3.1323529411764706,6.799812418300653,477,1005,149,410,378,462,7.014705882352941,0.6128546363425696
1630167,Obi Toppin,IND,54,18.59903608616272,11.944444444444445,0.7777777777777778,3.1296296296296298,2.0555555555555554,0.6111111111111112,0.14814814814814814,0.8148148148148148,5.586304938271605,231,429,89,223,94,113,3.9074074074074074,0.6736714572192513
1630168,Onyeka Okongwu,ATL,66,28.87823351033014,14.666666666666666,2.1515151515151514,6.015151515151516,2.787878787878788,1.0151515151515151,1.0,1.3181818181818181,6.874634343434343,372,727,100,269,124,163,8.166666666666668,0.6059695512820512
1630169,Tyrese Haliburton,IND,55,27.797113358352743,15.472727272727273,0.6363636363636364,2.3454545454545452,6.672727272727273,0.8909090909090909,0.509090909090909,1.2363636363636363,7.118972121212121,298,643,111,334,144,172,2.9818181818181815,0.59205766126788
1630170,Devin Vassell,SAS,53,30.997947773449198,13.716981132075471,0.660377358490566,3.30188679245283,2.641509433962264,0.8113207547169812,0.3584905660377358,1.1886792452830188,4.018216352201257,273,629,113,323,68,94,3.9622641509433962,0.542245957396026
1630171,Isaac Okoro,CHI,67,29.522477528393257,11.537313432835822,1.1492537313432836,1.8955223880597014,2.044776119402985,0.7910447761194029,0.417910447761194,0.8059701492537313,4.212555223880597,282,566,115,293,94,119,3.044776119402985,0.625040429523255
1630172,Patrick Williams,CHI,61,22.898506221862718,8.311475409836065,0.6721311475409836,2.2950819672131146,1.8852459016393444,0.6885245901639344,0.4262295081967213,1.278688524590164,1.840020218579235,188,486,84,253,47,64,2.9672131147540983,0.4930371868679011
1630173,Precious Achiuwa,SAC,70,24.444863528358255,10.871428571428572,2.6,4.114285714285714,1.4142857142857144,1.0714285714285714,0.7,0.8714285714285714,5.3848071428571425,316,609,33,102,96,158,6.7142857142857135,0.5607793432765431
1630174,Aaron Nesmith,IND,39,29.741132511229377,14.282051282051283,1.2820512820512822,3.358974358974359,2.0,0.6153846153846154,0.5641025641025641,1.1282051282051282,4.9293529914529906,200,436,98,230,59,70,4.641025641025641,0.5966152527849186
1630178,Tyrese Maxey,PHI,75,38.0,23.84,0.37333333333333335,4.1466666666666665,5.826666666666667,1.8666666666666667,0.7466666666666667,1.9866666666666666,8.372972888888889,628,1381,198,561,334,374,4.52,0.5784311188177748
1630180,Saddiq Bey,NOP,80,28.870578448297813,16.1,1.55,3.3875,2.0125,0.9375,0.0875,0.8375,5.807210416666666,442,974,158,410,246,286,4.9375,0.5855397148676171
1630182,Josh Green,UTA,36,16.74616507996699,4.388888888888889,0.7222222222222222,1.1944444444444444,1.0277777777777777,0.5833333333333334,0.19444444444444445,0.5277777777777778,1.635024074074074,53,145,38,111,14,20,1.9166666666666665,0.5136540962288686
1630183,Jaden McDaniels,MIN,80,31.316482756752446,14.025,1.175,3.7375,2.475,1.175,1.075,1.5875,5.2209779166666666,435,829,118,277,134,155,4.9125,0.6252786446723139
1630188,Jalen Smith,CHI,55,22.993360586164954,13.090909090909092,2.109090909090909,5.454545454545454,1.4,0.5272727272727272,1.0727272727272728,1.0363636363636364,5.465076969696969,260,563,111,319,89,120,7.563636363636363,0.5846053913608315
1630191,Isaiah Stewart,MEM,52,23.726034993237235,11.26923076923077,1.7115384615384615,4.076923076923077,1.2884615384615385,0.4423076923076923,1.5576923076923077,1.2884615384615385,4.55883782051282,236,405,44,123,70,101,5.788461538461538,0.6519223923104308
1630192,Zeke Nnaji,DEN,27,13.724596879642938,5.037037037037037,0.5925925925925926,2.0,0.9259259259259259,0.3333333333333333,0.7037037037037037,0.3333333333333333,2.4161802469135805,51,90,13,29,21,28,2.5925925925925926,0.6645817044566068
1630193,Immanuel Quickley,TOR,72,35.77973089163476,18.833333333333332,0.7638888888888888,3.888888888888889,6.222222222222222,1.4722222222222223,0.16666666666666666,1.6805555555555556,7.044676080246912,457,1047,208,533,234,287,4.652777777777778,0.5778671757807173
1630194,Paul Reed,DET,20,14.848311468813023,7.75,2.15,2.45,1.5,1.05,0.7,0.95,4.436136666666667,58,108,4,16,35,44,4.6,0.6085113065326633
1630198,Isaiah Joe,DET,74,21.587765323178267,10.68918918918919,0.6081081081081081,2.3783783783783785,1.5675675675675675,0.7432432432432432,0.14864864864864866,0.4594594594594595,4.1448779279279275,262,598,191,475,76,89,2.986486486486487,0.620723209241007
1630200,Tre Jones,CHI,68,29.88761264165084,16.441176470588236,0.6323529411764706,2.838235294117647,6.264705882352941,1.0,0.25,1.4705882352941178,6.977979738562091,425,754,58,157,210,260,3.4705882352941178,0.6437125748502994
1630202,Payton Pritchard,BOS,80,32.5576064160615,19.2375,1.025,2.85,4.9125,0.675,0.2125,1.65,6.743955416666667,567,1207,261,689,144,169,3.875,0.6005338078291815
1630208,Nick Richards,MIA,18,15.034112090636219,7.444444444444445,1.8333333333333333,2.8333333333333335,0.3888888888888889,0.16666666666666666,0.8333333333333334,1.3888888888888888,2.6377166666666674,45,80,7,10,37,54,4.666666666666667,0.6457208943716268
1630217,Desmond Bane,ORL,80,32.94268171145864,20.15,0.925,3.3,4.0625,1.0125,0.525,2.15,6.484237916666666,577,1166,196,459,262,289,4.225,0.6232794085805313
1630224,Jalen Green,PHX,27,25.043079669628515,15.333333333333334,0.4444444444444444,3.2222222222222223,2.7037037037037037,0.7037037037037037,0.1111111111111111,2.037037037037037,2.226782716049382,152,375,61,178,49,63,3.666666666666667,0.5140047675804529
1630228,Jonathan Kuminga,MIN,40,22.91549850968361,14.375,1.275,4.425,2.225,0.6,0.225,1.9,3.841631666666666,202,430,57,141,114,154,5.699999999999999,0.5775875924140148
1630230,Naji Marshall,DAL,74,30.75688442374941,16.41891891891892,1.0945945945945945,3.689189189189189,3.2837837837837838,0.972972972972973,0.21621621621621623,2.081081081081081,4.779174324324324,466,918,67,242,216,277,4.783783783783783,0.584202023310382
1630231,KJ Martin,MIN,53,16.370807455003938,4.886792452830188,0.49056603773584906,1.9811320754716981,1.169811320754717,0.39622641509433965,0.4339622641509434,0.5283018867924528,2.0662572327044026,100,176,18,50,41,54,2.4716981132075473,0.6482779335202243
1630241,Sam Merrill,CLE,55,27.97759038221733,10.981818181818182,0.6181818181818182,2.2181818181818183,2.709090909090909,0.8181818181818182,0.16363636363636364,0.6727272727272727,3.647322424242424,202,504,148,405,52,62,2.8363636363636364,0.568438488179491
1630245,Ayo Dosunmu,MIN,72,26.741936693864684,13.152777777777779,0.5694444444444444,3.0,3.8055555555555554,0.8472222222222222,0.3888888888888889,1.4583333333333333,4.907768518518519,370,716,101,274,106,130,3.5694444444444446,0.6123900672529746
1630249,Vít Krejčí,POR,62,21.388740788261376,7.274193548387097,0.4032258064516129,1.8225806451612903,2.032258064516129,0.7580645161290323,0.27419354838709675,0.6612903225806451,2.754266129032258,156,361,100,271,39,48,2.225806451612903,0.5901287553648069
1630256,Jae'Sean Tate,HOU,10,9.115212341450325,2.8,0.8,0.7,0.6,0.5,0.1,0.4,1.1105733333333334,11,24,2,6,4,8,1.5,0.5087209302325582
1630264,Anthony Gill,WAS,45,18.063618951413503,5.911111111111111,0.8222222222222222,1.9111111111111112,1.4222222222222223,0.6888888888888889,0.3111111111111111,0.5777777777777777,2.821445925925926,109,188,19,51,29,35,2.7333333333333334,0.6538839724680432
1630311,Pat Spencer,PHX,41,18.69720945891933,8.585365853658537,0.7560975609756098,1.7804878048780488,3.6341463414634148,0.7560975609756098,0.12195121951219512,1.0,3.7864544715447153,137,292,47,111,31,42,2.5365853658536586,0.5668642102550888
1630314,Brandon Williams,GSW,45,23.538775306273152,12.777777777777779,0.6666666666666666,2.4444444444444446,3.977777777777778,1.1555555555555554,0.4,1.9333333333333333,4.645534074074074,206,397,25,98,138,172,3.111111111111111,0.6082339003131082
1630527,Brandon Boston,CHI,66,20.949848665278118,9.5,0.7424242424242424,2.1515151515151514,2.1818181818181817,0.9545454545454546,0.3333333333333333,1.0454545454545454,2.5689999999999995,233,571,69,227,92,116,2.8939393939393936,0.5039868818725484
1630529,Herbert Jones,NOP,58,25.638888681088496,7.827586206896552,0.8103448275862069,1.8793103448275863,2.8620689655172415,1.3793103448275863,0.5172413793103449,1.2241379310344827,2.5201022988505746,174,431,66,225,40,47,2.689655172413793,0.5025681898689337
1630530,Trey Murphy III,NOP,63,32.21293142177839,18.095238095238095,0.6984126984126984,4.301587301587301,3.1746031746031744,1.2857142857142858,0.47619047619047616,1.3333333333333333,6.804678306878307,394,838,163,444,189,213,5.0,0.611771776928691
1630532,Franz Wagner,ORL,30,27.931171659754632,17.466666666666665,0.9666666666666667,3.3333333333333335,3.533333333333333,1.2333333333333334,0.16666666666666666,1.8,5.4499788888888885,192,409,34,115,106,130,4.3,0.561990561990562
1630533,Ziaire Williams,LAL,54,24.273994194486452,10.62962962962963,0.8518518518518519,2.6481481481481484,1.3148148148148149,1.0925925925925926,0.6111111111111112,1.0740740740740742,3.95929012345679,190,431,95,253,99,120,3.5,0.5932203389830508
1630534,Ochai Agbaji,NYK,26,15.18252640474638,4.730769230769231,0.6538461538461539,1.5,1.0,0.19230769230769232,0.15384615384615385,0.3076923076923077,1.6408461538461538,47,107,12,42,17,20,2.1538461538461537,0.5310880829015544
1630538,Bones Hyland,MIN,72,16.38784689291557,9.097222222222221,0.3055555555555556,1.8055555555555556,3.0694444444444446,0.7222222222222222,0.3055555555555556,1.1388888888888888,3.3400773148148146,228,496,125,318,74,90,2.111111111111111,0.6114637789395071
1630540,Miles McBride,NYK,51,23.952802059207833,10.823529411764707,0.6666666666666666,1.8823529411764706,2.627450980392157,0.6666666666666666,0.21568627450980393,0.7843137254901961,3.876993464052287,201,454,113,276,37,44,2.549019607843137,0.583065742775055
1630541,Moses Moody,GSW,64,26.833035129495894,11.265625,0.96875,2.609375,1.421875,1.125,0.390625,0.890625,3.748330208333333,242,580,141,392,96,127,3.578125,0.566930867459269
1630543,Isaiah Jackson,LAC,41,17.637593335185556,8.658536585365853,1.975609756097561,3.682926829268293,1.024390243902439,0.7317073170731707,0.975609756097561,1.4634146341463414,3.861992682926829,149,230,4,10,53,86,5.658536585365853,0.6627090800477896
1630544,Tre Mann,WAS,18,13.949133300833312,7.5,0.16666666666666666,1.6111111111111112,2.2777777777777777,0.3888888888888889,0.05555555555555555,1.2777777777777777,1.5465259259259259,50,117,22,60,13,17,1.777777777777778,0.5422557840616966
1630545,Terrence Shannon Jr.,MIN,16,13.09613024674982,5.1875,0.3125,1.0,0.875,0.25,0.0625,0.4375,1.2205729166666666,28,61,8,26,19,24,1.3125,0.5799329234209055
1630549,Day'Ron Sharpe,BKN,50,20.585546879205705,9.68,3.26,4.22,2.52,1.16,0.46,1.92,5.207404,194,346,15,40,81,117,7.4799999999999995,0.6088356646875315
1630551,Justin Champagnie,WAS,68,20.38511900820333,8.558823529411764,1.9852941176470589,3.264705882352941,1.0147058823529411,1.088235294117647,0.7058823529411765,0.7941176470588235,4.740026960784313,223,436,67,168,69,95,5.25,0.6090414399330264
1630552,Jalen Johnson,ATL,64,32.4190039113259,21.03125,1.171875,7.859375,6.546875,1.171875,0.4375,3.015625,7.685563368055554,502,1012,91,263,251,299,9.03125,0.5885130644653538
1630557,Corey Kispert,ATL,62,17.49171433642962,8.387096774193548,0.5645161290322581,1.6451612903225807,1.6290322580645162,0.25806451612903225,0.14516129032258066,0.7096774193548387,2.7297559139784946,190,402,82,239,58,73,2.209677419354839,0.598912743020363
1630558,Davion Mitchell,MIA,71,27.741133248133853,9.267605633802816,0.6056338028169014,2.028169014084507,5.267605633802817,0.8169014084507042,0.18309859154929578,1.7183098591549295,3.1348779342723003,255,527,88,233,60,86,2.6338028169014085,0.5824658310317966
1630559,Austin Reaves,LAL,49,35.33632076448666,22.142857142857142,0.6530612244897959,4.591836734693878,5.061224489795919,1.2040816326530612,0.22448979591836735,2.7755102040816326,7.475840136054421,357,720,131,338,240,281,5.244897959183674,0.643046797212081
1630567,Scottie Barnes,TOR,79,36.89994389455383,20.417721518987342,2.0253164556962027,6.430379746835443,6.012658227848101,1.6582278481012658,1.6455696202531647,2.9873417721518987,7.73199493670886,641,1298,89,297,242,322,8.455696202531644,0.5601939319848855
1630568,Luka Garza,BOS,30,16.44701026010932,10.033333333333333,2.433333333333333,1.3333333333333333,1.2,0.26666666666666666,0.36666666666666664,0.8,4.566865555555555,119,189,29,66,34,46,3.7666666666666666,0.7192697380997897
1630570,Trendon Watford,NOP,28,15.659397399767078,7.428571428571429,0.5,2.2142857142857144,2.142857142857143,0.32142857142857145,0.32142857142857145,0.8928571428571429,2.4029285714285713,84,151,13,33,27,31,2.7142857142857144,0.6316812439261419
1630572,Sandro Mamukelashvili,LAL,80,23.5209941719015,9.7875,1.375,3.55,2.075,0.7125,0.4625,0.975,4.036746249999999,284,626,101,317,114,154,4.925,0.5643161900369004
1630573,Sam Hauser,BOS,78,24.978889242289167,10.423076923076923,0.6666666666666666,3.1538461538461537,1.641025641025641,0.5,0.19230769230769232,0.5641025641025641,3.9516824786324785,283,664,224,552,23,30,3.8205128205128203,0.6002658003544005
1630574,Ariel Hukporti,PHI,6,9.433448112787408,2.0,1.1666666666666667,1.5,0.6666666666666666,0.8333333333333334,0.3333333333333333,0.3333333333333333,2.1689555555555553,6,9,0,0,0,0,2.666666666666667,0.6666666666666666
1630577,Julian Champagnie,SAS,80,28.317226242744436,12.975,1.25,5.0375,1.7875,0.6,0.4,0.8625,5.51476,347,757,230,560,114,139,6.2875,0.6343502493399824
1630578,Alperen Sengun,HOU,68,30.235668917704213,19.323529411764707,2.911764705882353,5.382352941176471,5.1911764705882355,0.7794117647058824,0.8676470588235294,2.8823529411764706,6.408105228758169,523,1004,42,102,226,307,8.294117647058824,0.5767812620711452
1630579,Jericho Sims,MIL,64,18.6060158526416,4.015625,1.9375,3.328125,1.546875,0.3125,0.296875,1.0625,2.6774390625,111,163,1,6,34,53,5.265625,0.6896736796908545
1630581,Josh Giddey,CHI,28,33.611986104015095,17.071428571428573,1.8214285714285714,7.5,8.464285714285714,1.0714285714285714,0.42857142857142855,3.5357142857142856,6.319811904761904,169,389,61,145,79,106,9.321428571428571,0.5486181250573869
1630583,Santi Aldama,DAL,42,27.969666308755365,14.238095238095237,1.3095238095238095,4.690476190476191,3.0714285714285716,0.8095238095238095,0.5238095238095238,1.4761904761904763,5.305439682539682,228,493,89,238,53,77,6.0,0.5674916489523231
1630590,Scotty Pippen Jr.,MEM,44,22.253491921572927,11.159090909090908,0.9545454545454546,2.7045454545454546,4.204545454545454,1.7045454545454546,0.4318181818181818,2.4318181818181817,3.893985606060606,183,391,53,133,72,94,3.659090909090909,0.5678138588213525
1630591,Jalen Suggs,ORL,60,26.60758433397493,13.683333333333334,0.5666666666666667,2.75,4.616666666666666,1.8333333333333333,0.7,2.3333333333333335,4.942017777777777,293,642,113,344,122,138,3.3166666666666664,0.5841586976320583
1630592,Jalen Wilson,ATL,48,15.109591055611142,7.0,0.4375,1.6458333333333333,1.25,0.3958333333333333,0.020833333333333332,0.5,2.1434305555555553,120,264,53,136,43,64,2.083333333333333,0.5750273822562979
1630595,Cade Cunningham,DET,68,34.016187447450406,25.38235294117647,0.6617647058823529,4.705882352941177,8.308823529411764,1.4411764705882353,0.8970588235294118,4.161764705882353,6.906084150326796,612,1288,155,422,347,412,5.36764705882353,0.5873625176957421
1630596,Evan Mobley,CLE,62,33.23433313105778,18.516129032258064,2.5161290322580645,6.451612903225806,3.3548387096774195,0.967741935483871,1.8225806451612903,1.8709677419354838,7.774129569892472,441,837,68,219,198,292,8.96774193548387,0.5945229315987902
1630598,Aaron Wiggins,ATL,68,20.456703025416278,10.147058823529411,0.7058823529411765,2.088235294117647,1.9852941176470589,1.0294117647058822,0.3088235294117647,1.1911764705882353,3.5985220588235296,257,569,110,289,66,86,2.794117647058824,0.5685188847142575
1630611,Gui Santos,GSW,60,21.423845369003136,8.466666666666667,1.1666666666666667,3.15,2.6333333333333333,1.0833333333333333,0.2833333333333333,1.4666666666666666,3.4503999999999997,177,386,73,197,81,107,4.316666666666666,0.5864967211600628
1630619,Moussa Cisse,DAL,30,14.574713515387844,5.033333333333333,2.466666666666667,2.8666666666666667,0.3,0.7333333333333333,0.9333333333333333,0.5333333333333333,3.732202222222222,53,92,2,4,43,70,5.333333333333334,0.6148208469055375
1630631,Jose Alvarado,NYK,64,18.20500192484322,6.75,0.328125,1.71875,3.03125,0.921875,0.1875,1.0,2.777631770833333,157,373,87,220,31,39,2.046875,0.5536190280910396
1630643,Jay Huff,IND,72,21.624036131827918,11.069444444444445,0.7638888888888888,2.9305555555555554,1.4722222222222223,0.5555555555555556,1.8055555555555556,1.0138888888888888,4.243921759259259,296,615,117,366,88,109,3.694444444444444,0.6010920719198745
1630658,Colin Castleton,ORL,27,12.496669672631961,3.925925925925926,1.2222222222222223,2.074074074074074,0.9629629629629629,0.14814814814814814,0.2222222222222222,0.6666666666666666,1.5848407407407408,42,79,5,14,17,26,3.2962962962962963,0.5860238832375055
1630692,Jordan Goodwin,PHX,67,22.12042861560708,8.82089552238806,1.8955223880597014,2.701492537313433,2.4776119402985075,1.6567164179104477,0.22388059701492538,1.0895522388059702,4.712930845771145,228,530,94,272,41,51,4.597014925373134,0.5348997176163927
1630695,Micah Potter,POR,45,19.5128755881539,8.177777777777777,0.8666666666666667,3.7333333333333334,1.5777777777777777,0.5333333333333333,0.35555555555555557,0.9555555555555556,3.3416140740740743,129,271,57,151,53,72,4.6,0.60790273556231
1630696,Dru Smith,MIA,62,16.125987923346234,5.016129032258065,1.0806451612903225,1.7419354838709677,2.596774193548387,1.4838709677419355,0.22580645161290322,0.8387096774193549,3.0624204301075264,111,273,36,115,53,62,2.82258064516129,0.5178500066604503
1630700,Dyson Daniels,ATL,71,30.927029607485853,13.28169014084507,2.2816901408450705,4.169014084507042,5.52112676056338,2.591549295774648,0.5633802816901409,1.8028169014084507,7.957914084507042,408,755,45,130,82,130,6.450704225352112,0.5805220389066732
1630702,Jaden Hardy,LAL,60,16.870488672420052,9.7,0.3333333333333333,1.3,1.3666666666666667,0.4166666666666667,0.06666666666666667,1.4333333333333333,1.6677616666666666,203,458,108,261,68,92,1.6333333333333333,0.5837746750120366
1630703,Scoot Henderson,POR,35,25.39174602214407,13.885714285714286,0.7714285714285715,2.4,4.457142857142857,1.0,0.42857142857142855,2.8,3.278045714285714,165,358,62,155,94,108,3.1714285714285713,0.5992306174787927
1631094,Paolo Banchero,ORL,76,33.75293563502829,19.907894736842106,0.9868421052631579,6.631578947368421,4.2105263157894735,0.6447368421052632,0.4473684210526316,2.8815789473684212,4.627901754385964,517,1139,104,316,375,506,7.618421052631579,0.5555800358391351
1631095,Jabari Smith Jr.,HOU,80,32.47847757972408,13.4875,1.3625,4.925,1.6,0.6625,0.8375,1.35,3.968064583333333,395,916,152,441,137,182,6.2875,0.5416231627981688
1631096,Chet Holmgren,OKC,56,34.408463452745295,18.089285714285715,2.1607142857142856,8.357142857142858,2.1607142857142856,0.6964285714285714,2.2857142857142856,2.1964285714285716,7.087523809523808,367,748,76,233,203,251,10.517857142857142,0.5900237640370904
1631097,Bennedict Mathurin,NOP,54,27.28863704340821,14.314814814814815,0.8518518518518519,3.6666666666666665,1.5925925925925926,0.6666666666666666,0.2037037037037037,1.5925925925925926,3.525793827160493,246,559,78,208,203,242,4.518518518518518,0.5807837951553766
1631099,Keegan Murray,SAC,47,33.62679454370983,14.191489361702128,1.6808510638297873,4.404255319148936,1.574468085106383,0.6382978723404256,1.2340425531914894,1.3617021276595744,4.068485815602837,255,592,90,291,67,93,6.085106382978723,0.5269228338494597
1631101,Shaedon Sharpe,POR,52,28.984441212456947,19.01923076923077,0.8076923076923077,3.480769230769231,2.25,1.1153846153846154,0.15384615384615385,2.3846153846153846,4.502419871794872,376,803,104,288,133,160,4.288461538461538,0.5661781543393635
1631103,Malaki Branham,ORL,1,10.418499559280209,2.0,0.0,0.0,0.0,0.0,0.0,0.0,-1.52,1,4,0,1,0,0,0.0,0.25
1631104,Blake Wesley,LAC,20,13.326197821003657,4.95,0.35,1.1,1.85,0.8,0.3,1.5,1.3170833333333332,39,76,14,20,7,18,1.4500000000000002,0.5898474737845567
1631105,Jalen Duren,DET,75,28.67791185213227,17.386666666666667,3.5733333333333333,7.226666666666667,2.3466666666666667,0.7866666666666666,0.96,2.066666666666667,8.149654666666667,520,787,0,2,264,369,10.8,0.6867784612791775
1631106,Tari Eason,HOU,44,23.026719386460396,8.977272727272727,1.6818181818181819,3.8181818181818183,1.3636363636363635,1.4545454545454546,0.45454545454545453,1.3181818181818181,3.34767803030303,148,354,49,154,50,62,5.5,0.5179920268569032
1631107,Nikola Jović,MIA,48,16.730620951969577,7.1875,0.4375,1.9166666666666667,2.1875,0.625,0.16666666666666666,1.3125,1.6948291666666666,131,304,47,145,36,56,2.354166666666667,0.5248904576436222
1631108,Max Christie,DAL,79,30.6778723767347,12.848101265822784,0.3291139240506329,3.278481012658228,2.1265822784810124,0.8607594936708861,0.5189873417721519,1.2658227848101267,3.8286902953586495,341,809,186,492,147,165,3.607594936708861,0.575657894736842
1631109,Mark Williams,PHX,54,23.21537065352689,12.74074074074074,3.0,5.166666666666667,1.2407407407407407,0.9444444444444444,0.8518518518518519,1.1666666666666667,6.755503086419753,289,455,2,5,108,150,8.166666666666668,0.6602687140115163
1631110,Jeremy Sochan,POR,29,12.021665160533882,4.931034482758621,0.7586206896551724,2.1724137931034484,1.2758620689655173,0.1724137931034483,0.2413793103448276,0.7931034482758621,1.4174505747126436,52,103,7,27,32,41,2.931034482758621,0.5907138136153338
1631113,Kennedy Chandler,PHX,38,31.318141008982234,15.210526315789474,0.7631578947368421,2.6842105263157894,5.973684210526316,0.8421052631578947,0.18421052631578946,1.8421052631578947,4.528429824561402,218,466,55,140,87,132,3.4473684210526314,0.5514425278583422
1631114,Jalen Williams,OKC,36,33.040184632738686,20.416666666666668,1.2777777777777777,4.666666666666667,4.972222222222222,2.0277777777777777,0.5833333333333334,2.25,7.7854518518518505,287,560,54,134,107,134,5.944444444444445,0.5937378829003489
1631115,Orlando Robinson,CHI,55,15.12702708050209,7.745454545454545,1.8,2.6545454545454548,1.981818181818182,0.4,0.2909090909090909,1.018181818181818,3.011379393939394,164,336,37,86,61,75,4.454545454545455,0.5772357723577236
1631117,Walker Kessler,LAL,65,25.61007095590515,8.353846153846154,3.292307692307692,5.8,1.6615384615384616,0.7076923076923077,2.0,1.4307692307692308,6.093189743589743,223,362,11,37,86,147,9.092307692307692,0.6363082403674885
1631119,Jaylin Williams,OKC,69,24.7858193109641,8.956521739130435,0.8405797101449275,5.913043478260869,3.5217391304347827,0.5942028985507246,1.0144927536231885,1.2028985507246377,4.19577149758454,205,472,132,339,76,93,6.753623188405797,0.6024331279731733
1631120,JD Davison,ORL,3,8.802116978738349,3.6666666666666665,1.0,1.3333333333333333,2.0,0.0,0.0,0.0,2.675333333333333,4,8,1,2,2,2,2.333333333333333,0.6193693693693693
1631121,Bryce McGowens,NOP,35,19.302411112768947,7.0285714285714285,0.4857142857142857,2.0,1.8571428571428572,0.5428571428571428,0.22857142857142856,0.34285714285714286,3.1395333333333335,88,177,25,66,45,55,2.4857142857142858,0.6113320079522864
1631123,Jamaree Bouyea,PHX,23,15.00112186885571,5.739130434782608,0.4782608695652174,1.2173913043478262,1.9565217391304348,0.6086956521739131,0.391304347826087,1.0,1.4092579710144928,56,133,12,48,8,13,1.6956521739130435,0.4757785467128028
1631124,Julian Strawther,DEN,43,16.411119625734088,6.883720930232558,0.18604651162790697,1.7209302325581395,1.186046511627907,0.46511627906976744,0.2558139534883721,0.813953488372093,1.4397937984496123,110,250,43,120,33,41,1.9069767441860463,0.5521563945679749
1631126,Caleb Love,PHI,66,18.297000057909074,8.575757575757576,0.4393939393939394,1.5606060606060606,2.0757575757575757,0.6363636363636364,0.06060606060606061,0.9696969696969697,2.473979292929293,200,508,105,306,61,77,2.0,0.5222558500036909
1631128,Christian Braun,DEN,27,31.40816129904108,13.666666666666666,1.0740740740740742,3.925925925925926,2.2962962962962963,0.6296296296296297,0.2222222222222222,0.7777777777777778,6.127525925925926,139,223,29,64,62,69,5.0,0.7282128197031891
1631131,Oscar Tshiebwe,HOU,43,15.182570629798795,6.8604651162790695,2.4186046511627906,3.86046511627907,0.9302325581395349,0.46511627906976744,0.18604651162790697,0.7441860465116279,4.2686620155038755,123,197,5,9,44,63,6.279069767441861,0.656372374510502
1631132,Christian Koloko,NOP,8,13.41224192697901,4.0,1.5,2.5,0.5,0.75,0.75,0.25,3.3708,12,20,2,6,6,7,4.0,0.6932409012131716
1631133,Jabari Walker,PHI,8,11.924890454319577,4.75,1.625,2.625,0.75,0.125,0.0,0.375,2.353358333333333,15,28,2,7,6,10,4.25,0.5864197530864198
1631157,Ryan Rollins,MIL,79,30.412332839822227,16.341772151898734,0.7468354430379747,4.1265822784810124,4.8734177215189876,1.5063291139240507,0.43037974683544306,2.759493670886076,5.238682700421941,495,1033,193,475,108,147,4.873417721518987,0.5880584505502514
1631159,Leonard Miller,CHI,53,17.457680633372604,8.88679245283019,1.6415094339622642,3.150943396226415,1.1886792452830188,0.37735849056603776,0.4528301886792453,0.8301886792452831,3.7208201257861635,183,354,42,143,63,78,4.7924528301886795,0.6064585908529049
1631165,Keon Ellis,BKN,63,22.271478887034093,7.111111111111111,0.5238095238095238,1.7936507936507937,1.4444444444444444,1.380952380952381,0.5555555555555556,0.6825396825396826,3.0762132275132275,159,370,74,234,56,71,2.3174603174603177,0.5582693649685974
1631166,Drew Timme,MIN,13,9.746465225738971,3.1538461538461537,0.3076923076923077,1.0,0.9230769230769231,0.46153846153846156,0.0,0.6153846153846154,0.7700717948717949,17,40,2,12,5,7,1.3076923076923077,0.47585886722376974
1631169,Josh Minott,BKN,35,19.593674354573114,9.628571428571428,0.6857142857142857,2.1714285714285713,1.1142857142857143,1.0,0.4,1.1428571428571428,4.014607619047619,115,217,60,138,47,59,2.8571428571428568,0.693529799143892
1631170,Jaime Jaquez Jr.,MIL,57,26.1121912978465,15.421052631578947,1.4210526315789473,3.3333333333333335,4.280701754385965,0.7192982456140351,0.3508771929824561,1.9824561403508771,5.454047368421051,358,678,48,144,115,149,4.754385964912281,0.5910753671526172
1631172,Ousmane Dieng,MIL,52,18.789306386025885,7.576923076923077,0.38461538461538464,2.6346153846153846,2.519230769230769,0.5384615384615384,0.36538461538461536,1.2692307692307692,1.8522301282051283,150,376,60,173,34,51,3.019230769230769,0.49442827025399055
1631199,Ron Harper Jr.,BOS,12,12.23414354521475,4.583333333333333,0.75,1.3333333333333333,0.9166666666666666,0.5833333333333334,0.4166666666666667,0.5,2.3326555555555553,21,51,13,38,0,0,2.083333333333333,0.5392156862745098
1631200,Kris Murray,MEM,48,24.33933572167318,7.4375,1.625,2.7708333333333335,1.7291666666666667,1.0625,0.375,1.0625,3.4778993055555554,140,306,39,125,38,57,4.395833333333334,0.5391446176150779
1631204,Marcus Sasser,DAL,21,14.030208935641156,6.285714285714286,0.38095238095238093,1.0476190476190477,2.3333333333333335,0.5238095238095238,0.23809523809523808,0.6190476190476191,1.5612507936507936,50,132,21,83,11,16,1.4285714285714286,0.4746835443037975
1631207,Dalen Terry,GSW,12,13.49833748627659,4.166666666666667,0.6666666666666666,1.25,1.6666666666666667,0.5833333333333334,0.3333333333333333,0.9166666666666666,1.3603888888888889,18,40,2,10,12,16,1.9166666666666665,0.5314625850340137
1631212,Peyton Watson,CLE,52,30.873328586060115,12.538461538461538,0.7115384615384616,3.8076923076923075,2.019230769230769,1.0961538461538463,1.2115384615384615,1.4038461538461537,4.090561538461538,250,502,65,160,87,126,4.519230769230769,0.5848163030998851
1631215,Khalifa Diop,CLE,8,12.619114052105814,3.375,0.625,1.625,1.5,0.25,0.0,0.5,0.7243166666666667,9,28,2,10,7,8,2.25,0.4282994923857868
1631217,Moussa Diabaté,CHA,60,25.638051634334282,8.216666666666667,3.8333333333333335,4.966666666666667,1.7833333333333334,0.7166666666666667,0.7,1.2833333333333334,5.863162777777777,186,296,1,6,120,177,8.8,0.659302449983952
1631218,Trayce Jackson-Davis,TOR,53,11.115830405547223,5.037735849056604,1.3018867924528301,2.2641509433962264,1.2075471698113207,0.32075471698113206,0.37735849056603776,0.39622641509433965,2.7252075471698114,103,184,5,7,56,78,3.5660377358490565,0.6114877244411873
1631221,Collin Gillespie,PHX,80,28.313836541277613,12.7625,1.225,2.925,4.7625,1.275,0.25,1.45,5.7336325,352,853,225,589,92,104,4.15,0.5680048066224576
1631222,Jake LaRavia,LAL,71,26.923130569045316,8.690140845070422,1.4929577464788732,2.7746478873239435,2.464788732394366,1.2253521126760563,0.36619718309859156,1.3661971830985915,3.346739436619718,228,514,63,230,98,134,4.267605633802817,0.5384320022340128
1631230,Dominick Barlow,PHI,71,21.174343240931037,6.183098591549296,1.9154929577464788,2.8450704225352115,1.3661971830985915,0.8169014084507042,0.7746478873239436,0.5774647887323944,3.8449549295774648,171,320,19,74,78,92,4.76056338028169,0.6089103417665335
1631243,Mouhamed Gueye,ATL,48,14.727795661281098,4.666666666666667,1.2708333333333333,2.3541666666666665,1.1458333333333333,0.875,0.5208333333333334,0.4583333333333333,2.7744222222222223,85,186,26,86,28,42,3.625,0.5477308294209703
1631245,Quenton Jackson,IND,67,18.889181082143523,8.955223880597014,0.4925373134328358,1.6567164179104477,3.5671641791044775,0.6567164179104478,0.16417910447761194,1.2537313432835822,2.8863616915422883,213,460,53,154,121,148,2.1492537313432836,0.5712979890310786
1631248,Baylor Scheierman,BOS,70,18.705371030643906,6.357142857142857,0.9428571428571428,2.7142857142857144,1.957142857142857,0.4857142857142857,0.1,0.6428571428571429,2.9209999999999994,153,353,93,253,46,50,3.6571428571428575,0.5933333333333334
1631250,Pete Nance,MIL,6,16.550994250891886,7.166666666666667,0.5,1.5,0.8333333333333334,0.3333333333333333,0.3333333333333333,0.16666666666666666,2.9129555555555555,15,24,7,12,6,8,2.0,0.78125
1631255,Karlo Matković,NOP,27,14.776277585552403,6.074074074074074,1.1481481481481481,2.259259259259259,0.8518518518518519,0.5185185185185185,0.7037037037037037,0.8148148148148148,2.8894987654320983,66,110,17,41,15,24,3.4074074074074074,0.6801592568015925
1631260,AJ Green,MIL,80,27.58060864226535,9.65,0.3375,2.7,2.075,0.45,0.0625,0.9625,3.0644666666666667,247,580,209,501,69,84,3.0375,0.6256483402489627
1631288,Jamal Cain,ORL,19,12.065707965182105,4.2105263157894735,0.8421052631578947,1.5789473684210527,0.631578947368421,0.2631578947368421,0.21052631578947367,0.5789473684210527,1.62700350877193,24,54,10,23,22,25,2.4210526315789473,0.6153846153846154
1631306,Cole Swider,LAL,42,14.837409118184905,5.571428571428571,0.5,1.5,0.5238095238095238,0.42857142857142855,0.2857142857142857,0.47619047619047616,1.6815791005291008,80,203,51,143,23,29,2.0,0.5422691879866519
1631311,Lester Quinones,MIA,18,11.72407839217707,4.888888888888889,0.5555555555555556,1.5555555555555556,1.8888888888888888,0.3333333333333333,0.3888888888888889,1.1111111111111112,1.0243074074074074,32,81,13,39,11,13,2.111111111111111,0.507380073800738
1631321,Sidy Cissoko,POR,71,19.98881326986417,5.647887323943662,0.8309859154929577,1.619718309859155,1.8169014084507042,0.7746478873239436,0.30985915492957744,0.9014084507042254,1.9026779342723006,133,298,72,186,63,89,2.450704225352113,0.5946731522125993
1631323,Simone Fontecchio,MIA,62,16.272585803988747,8.14516129032258,0.8064516129032258,2.467741935483871,1.3709677419354838,0.5967741935483871,0.11290322580645161,0.8064516129032258,2.9977344086021502,168,376,92,253,77,93,3.274193548387097,0.6056317758802647
1631342,Daeqwon Plowden,SAC,58,26.83633664320334,13.241379310344827,1.1724137931034482,2.0172413793103448,1.4137931034482758,0.7931034482758621,0.22413793103448276,0.9482758620689655,4.099696551724138,269,586,152,393,78,93,3.1896551724137927,0.6125183436483124
1631399,Jon Elmore,SAS,26,8.601692279907171,2.923076923076923,0.7692307692307693,0.8846153846153846,0.7692307692307693,0.34615384615384615,0.11538461538461539,0.46153846153846156,0.8425435897435898,27,71,11,32,11,12,1.6538461538461537,0.4981646565285789
1631457,Alex Morales,ORL,1,7.528022191111626,5.0,1.0,0.0,0.0,0.0,0.0,1.0,1.2500000000000004,2,3,0,0,1,1,1.0,0.7267441860465116
1631474,Terrell Brown Jr.,UTA,10,9.469155382394247,2.3,0.5,0.9,0.9,0.1,0.0,0.3,0.8638933333333332,10,23,3,11,0,0,1.4,0.5
1641705,Victor Wembanyama,SAS,62,29.221578242431356,23.548387096774192,1.8709677419354838,9.193548387096774,2.838709677419355,1.0161290322580645,3.274193548387097,2.5806451612903225,9.427727419354838,523,1054,144,406,270,330,11.064516129032258,0.6087391594396264
1641706,Brandon Miller,CHA,67,29.340596779710367,19.134328358208954,0.9552238805970149,3.8358208955223883,2.791044776119403,0.9552238805970149,0.8507462686567164,2.253731343283582,4.479852736318407,445,1076,202,563,190,216,4.791044776119403,0.5473766908047548
1641707,Taylor Hendricks,MEM,39,20.303066813229545,7.17948717948718,1.2307692307692308,3.1538461538461537,1.1282051282051282,1.205128205128205,0.6666666666666666,0.717948717948718,3.3796794871794873,108,258,36,127,28,35,4.384615384615385,0.5120702267739576
1641708,Amen Thompson,HOU,79,34.20562563458586,16.810126582278482,2.5316455696202533,4.6455696202531644,5.10126582278481,1.3670886075949367,0.810126582278481,1.9620253164556962,7.768665400843882,521,953,30,105,256,327,7.177215189873418,0.6053533659105826
1641709,Ausar Thompson,DET,65,26.272686442963042,10.36923076923077,1.876923076923077,4.615384615384615,3.7384615384615385,1.9076923076923078,1.0153846153846153,1.476923076923077,5.53253641025641,285,545,11,38,93,152,6.492307692307692,0.550761587239328
1641710,Anthony Black,ORL,70,29.137815600184954,13.342857142857143,0.44285714285714284,2.7857142857142856,3.414285714285714,1.2285714285714286,0.8857142857142857,2.0428571428571427,3.341768571428571,346,774,85,266,157,213,3.2285714285714286,0.5381920435163416
1641711,Gradey Dick,LAC,55,14.946117468583834,7.0181818181818185,0.38181818181818183,1.8545454545454545,1.0,0.5636363636363636,0.05454545454545454,0.7818181818181819,1.4616115151515152,134,330,50,149,68,78,2.2363636363636363,0.529754062362758
1641712,Rayan Rupert,PHI,36,15.452831264571362,4.583333333333333,0.8333333333333334,1.9722222222222223,1.25,0.8333333333333334,0.19444444444444445,0.6111111111111112,1.8317666666666663,59,154,21,55,26,29,2.805555555555556,0.49472295514511877
1641713,GG Jackson,MEM,56,22.4741195754196,13.214285714285714,1.0892857142857142,3.5892857142857144,1.875,0.8035714285714286,0.6607142857142857,1.5535714285714286,4.325686309523809,268,572,88,238,116,147,4.678571428571429,0.5811396619966074
1641715,Cam Whitmore,DEN,41,17.76976259819632,9.390243902439025,0.6829268292682927,2.4146341463414633,0.8536585365853658,0.6097560975609756,0.5609756097560976,0.9512195121951219,2.6333739837398373,144,335,43,127,54,67,3.097560975609756,0.528149692712906
1641716,Jarace Walker,IND,80,26.53334206873391,11.8375,0.475,4.3,2.5375,0.875,0.4375,1.95,3.132837083333333,334,779,141,387,138,191,4.7749999999999995,0.5486420096403412
1641717,Cason Wallace,OKC,68,32.599181701241676,9.838235294117647,1.1176470588235294,2.8823529411764706,3.338235294117647,2.514705882352941,0.5735294117647058,1.1470588235294117,5.03922794117647,253,616,105,314,58,70,4.0,0.5171614100185529
1641718,Keyonte George,UTA,49,32.47699006711912,18.346938775510203,0.5714285714285714,3.1020408163265305,6.061224489795919,0.8775510204081632,0.20408163265306123,2.7755102040816326,4.829822222222222,290,673,105,303,214,248,3.6734693877551017,0.5747199918171124
1641722,Jordan Hawkins,MEM,6,15.991951460978827,7.666666666666667,0.5,2.0,1.1666666666666667,0.6666666666666666,0.16666666666666666,0.5,2.9982722222222224,15,40,8,27,8,8,2.5,0.5284926470588235
1641724,Jett Howard,DAL,19,14.101055562569357,6.421052631578948,0.3684210526315789,1.105263157894737,0.6842105263157895,0.15789473684210525,0.3684210526315789,0.5263157894736842,1.4969999999999999,45,110,20,58,12,16,1.473684210526316,0.5211893369788106
1641726,Dereck Lively II,DAL,64,18.471960494384845,6.640625,2.390625,3.3125,1.84375,0.390625,1.40625,1.1875,3.8372333333333333,173,290,2,13,77,112,5.703125,0.6263263381278001
1641729,Brice Sensabaugh,UTA,71,24.187550177044837,14.253521126760564,0.7887323943661971,2.563380281690141,2.0704225352112675,0.6901408450704225,0.15492957746478872,1.8591549295774648,3.762803286384976,363,753,150,368,136,166,3.352112676056338,0.6125611350539926
1641730,Noah Clowney,BKN,61,28.995118965843574,12.081967213114755,0.9180327868852459,3.5901639344262297,1.4754098360655739,0.8688524590163934,0.5737704918032787,1.7540983606557377,3.067606557377049,229,571,120,331,159,199,4.508196721311475,0.559554178814383
1641731,Bilal Coulibaly,WAS,58,26.64659329454747,12.10344827586207,0.9137931034482759,3.206896551724138,2.4310344827586206,1.1896551724137931,0.7758620689655172,1.6379310344827587,3.700548275862069,250,565,79,205,123,163,4.120689655172414,0.551262721447418
1641736,Reece Beekman,WAS,15,11.85339359716956,3.8666666666666667,0.3333333333333333,0.7333333333333333,1.6666666666666667,0.4666666666666667,0.06666666666666667,0.26666666666666666,1.7307533333333334,25,60,6,23,2,2,1.0666666666666667,0.47634691195795004
1641737,Adem Bona,PHI,59,15.561136759706095,4.254237288135593,1.305084745762712,2.694915254237288,0.3898305084745763,0.3898305084745763,1.2033898305084745,0.6440677966101694,2.629081920903955,104,155,1,4,42,60,4.0,0.6918412348401323
1641738,Kobe Brown,IND,30,17.07851229630016,6.566666666666666,1.1,2.466666666666667,2.0,0.36666666666666664,0.2,1.1333333333333333,2.3213388888888886,74,160,24,69,25,34,3.566666666666667,0.5629858253315043
1641739,Toumani Camara,POR,80,33.33771320304422,12.2,1.5875,3.7125,2.4875,1.1125,0.375,1.625,4.277060833333333,352,798,188,506,84,107,5.3,0.577460122118616
1641740,Jaylen Clark,MIN,54,13.145890534953734,4.277777777777778,0.8703703703703703,0.8703703703703703,0.7962962962962963,0.7407407407407407,0.1111111111111111,0.2962962962962963,2.000583333333333,83,192,28,76,37,53,1.7407407407407407,0.5364109232769831
1641744,Zach Edey,MEM,38,26.738451792884927,12.921052631578947,4.7894736842105265,6.894736842105263,1.368421052631579,0.7894736842105263,1.763157894736842,1.868421052631579,7.757512280701754,196,339,15,43,84,108,11.68421052631579,0.6351547138569803
1641746,Coleman Hawkins,DEN,20,9.746783121086883,2.6,0.7,1.25,0.9,0.4,0.45,0.4,1.1867766666666666,19,54,5,26,9,11,1.95,0.4418762746430999
1641747,DaRon Holmes II,DEN,20,9.60429217622071,3.3,0.25,1.1,0.5,0.2,0.3,0.6,0.8385833333333332,23,51,13,34,7,8,1.35,0.6052824651504035
1641748,Andre Jackson Jr.,TOR,44,10.352348746033426,3.1818181818181817,0.8181818181818182,1.3863636363636365,1.1363636363636365,0.5,0.13636363636363635,0.75,1.4202063131313132,55,112,15,39,15,27,2.2045454545454546,0.5650629641588635
1641750,Ryan Kalkbrenner,CHA,67,21.216091296370855,7.746268656716418,2.6865671641791047,3.074626865671642,1.0149253731343284,0.417910447761194,1.3134328358208955,0.9104477611940298,5.102292039800995,213,306,1,7,92,115,5.7611940298507465,0.7277061132922041
1641751,Arthur Kaluma,LAL,10,9.744871697446637,5.0,0.3,1.1,1.5,0.2,0.1,0.4,2.4961333333333338,17,31,11,17,5,5,1.4000000000000001,0.753012048192771
1641753,Chris Livingston,WAS,1,5.522977131897553,6.0,0.0,3.0,0.0,1.0,0.0,0.0,4.93,1,1,1,1,3,4,3.0,1.0869565217391306
1641754,Seth Lundy,DAL,5,9.547573774899364,2.4,0.8,1.6,0.6,0.0,0.2,0.4,-0.4354,4,15,2,5,2,2,2.4000000000000004,0.3778337531486146
1641757,Jordan Miller,LAC,60,23.44558322363963,9.833333333333334,0.8666666666666667,2.6166666666666667,2.2333333333333334,1.0333333333333334,0.26666666666666666,1.25,3.8702227777777773,218,422,38,106,116,159,3.4833333333333334,0.5996422473371819
1641759,Dillon Mitchell,BOS,1,9.054655176866667,10.0,0.0,2.0,1.0,1.0,0.0,2.0,3.314666666666667,4,7,2,4,0,0,2.0,0.7142857142857143
1641761,Grant Nelson,BKN,1,11.428597681966066,8.0,1.0,1.0,2.0,0.0,1.0,0.0,5.8500000000000005,3,3,0,0,2,3,2.0,0.9259259259259258
1641763,Julian Phillips,HOU,26,8.878339674239147,3.9615384615384617,0.6153846153846154,0.6923076923076923,0.34615384615384615,0.4230769230769231,0.07692307692307693,0.11538461538461539,1.9746435897435897,37,77,16,40,13,19,1.3076923076923077,0.6033270852858482
1641764,Brandin Podziemski,GSW,72,29.76127360330974,14.194444444444445,0.9861111111111112,4.527777777777778,3.6944444444444446,1.2222222222222223,0.1527777777777778,1.625,5.396925925925926,356,810,136,368,174,211,5.513888888888889,0.5659917593372026
1641765,Olivier-Maxence Prosper,MEM,19,20.117993016125368,10.736842105263158,1.5263157894736843,3.0526315789473686,0.9473684210526315,1.0526315789473684,0.21052631578947367,0.7368421052631579,5.349887719298245,75,136,18,46,36,45,4.578947368421053,0.6546854942233632
1641767,Ben Sheppard,IND,67,21.99413676769048,7.104477611940299,0.7014925373134329,2.373134328358209,1.955223880597015,0.5522388059701493,0.1791044776119403,0.7014925373134329,2.8484402985074624,179,399,94,256,24,30,3.074626865671642,0.5773896166909267
1641771,Jalen Slawson,IND,36,23.62430373346155,7.472222222222222,0.5277777777777778,3.6666666666666665,2.3055555555555554,1.4444444444444444,1.0,1.5,3.363106481481481,98,229,37,110,36,43,4.194444444444445,0.542513714101323
1641772,Nae'Qwan Tomlin,CLE,57,17.541322576770582,6.947368421052632,1.3859649122807018,1.9649122807017543,0.8421052631578947,0.7368421052631579,0.5789473684210527,0.6491228070175439,3.015681286549708,161,313,29,89,45,57,3.3508771929824563,0.585660198769522
1641774,Tristan Vukcevic,WAS,18,14.789389000491582,9.055555555555555,0.5555555555555556,2.0,0.7222222222222222,0.3888888888888889,1.0,1.4444444444444444,1.9088129629629629,53,118,14,46,43,56,2.5555555555555554,0.5713684800897365
1641775,Jordan Walsh,BOS,37,18.377773136830648,6.891891891891892,1.1081081081081081,2.1621621621621623,0.9459459459459459,0.918918918918919,0.5135135135135135,0.5945945945945946,3.769226126126126,96,178,38,89,25,36,3.27027027027027,0.6577589764754437
1641778,Leaky Black,SAC,45,27.83657222673293,9.777777777777779,0.9111111111111111,3.2222222222222223,1.6888888888888889,0.8222222222222222,0.4444444444444444,1.0666666666666667,3.246951851851852,165,375,71,200,39,46,4.133333333333334,0.5566238234996459
1641783,Tristan da Silva,ORL,71,24.35279767979601,9.661971830985916,0.6901408450704225,2.7746478873239435,1.8591549295774648,0.6338028169014085,0.28169014084507044,0.8169014084507042,3.2461126760563377,243,568,96,264,104,111,3.464788732394366,0.5560599182932364
1641789,Jazian Gortman,WAS,1,3.6311371356763864,2.0,0.0,1.0,1.0,0.0,0.0,0.0,0.8200000000000001,0,1,0,1,2,2,1.0,0.5319148936170213
1641790,PJ Hall,CHA,15,11.653301037160224,4.533333333333333,1.4666666666666666,1.8666666666666667,0.6666666666666666,0.13333333333333333,0.26666666666666666,1.1333333333333333,1.0535777777777777,25,61,4,10,14,18,3.333333333333333,0.4933255948926291
1641796,Pelle Larsson,MIA,70,25.661328857092553,9.928571428571429,1.0,2.5,2.942857142857143,0.7428571428571429,0.2,1.2,3.526878095238095,238,515,59,195,160,196,3.5,0.5779721908056683
1641798,Jaylen Martin,POR,37,12.841296850885474,4.405405405405405,0.6216216216216216,1.837837837837838,1.1081081081081081,0.6216216216216216,0.05405405405405406,0.40540540540540543,2.099673873873874,62,136,19,44,20,24,2.4594594594594597,0.5560862445414847
1641803,Tristen Newton,SAC,1,3.8569626910084858,3.0,0.0,2.0,0.0,0.0,0.0,0.0,0.8665333333333334,1,3,0,2,1,1,2.0,0.436046511627907
1641824,Matas Buzelis,CHI,74,32.41570161025347,18.37837837837838,0.8918918918918919,5.202702702702703,2.175675675675676,0.581081081081081,1.527027027027027,2.108108108108108,5.375832882882882,476,1026,190,508,218,268,6.094594594594595,0.5944471641373522
1641842,Ronald Holland II,DET,76,20.283623862891204,8.328947368421053,0.9736842105263158,3.1184210526315788,1.394736842105263,1.0789473684210527,0.19736842105263158,1.263157894736842,2.1072798245614033,238,535,56,188,101,121,4.092105263157895,0.5380456956344349
1641844,Tarik Biberovic,DAL,10,9.600838851485078,4.5,0.6,1.1,1.1,0.3,0.3,0.2,1.4596333333333333,17,40,7,19,4,4,1.7000000000000002,0.5387931034482759
1641854,Craig Porter Jr.,CLE,71,19.2931473800144,5.957746478873239,1.1408450704225352,2.323943661971831,3.492957746478873,1.0,0.4507042253521127,1.0,3.9802389671361493,164,333,49,130,46,63,3.464788732394366,0.5863273453093812
1641863,Dane Goodwin,DEN,9,10.401968788058582,1.8888888888888888,0.5555555555555556,1.2222222222222223,1.0,0.1111111111111111,0.1111111111111111,0.3333333333333333,-0.45430370370370365,5,25,2,12,5,8,1.777777777777778,0.2980364656381487
1641869,Malachi Smith,TOR,47,27.00406400154098,8.361702127659575,0.9787234042553191,3.595744680851064,3.6595744680851063,0.8936170212765957,0.5106382978723404,1.0425531914893618,4.295373758865248,159,355,52,156,23,27,4.574468085106383,0.5355974705625818
1641871,Duop Reath,PHX,1,9.801008558384591,3.0,0.0,2.0,0.0,0.0,0.0,0.0,1.3144000000000002,1,2,1,2,0,0,2.0,0.75
1641935,Jarkel Joiner,CHA,11,9.060270120853362,2.727272727272727,0.36363636363636365,1.4545454545454546,0.6363636363636364,0.0,0.36363636363636365,0.09090909090909091,0.9075636363636364,12,29,1,10,5,8,1.8181818181818183,0.4612546125461254
1641989,Elijah Harkless,DET,51,20.99370945285511,7.529411764705882,0.6470588235294118,1.6666666666666667,2.843137254901961,0.9607843137254902,0.27450980392156865,1.0588235294117647,2.5524653594771243,120,308,64,180,80,105,2.3137254901960786,0.5420666290231507
1641998,Trey Jemison III,TOR,2,8.936872503398927,1.0,0.0,0.5,0.5,0.0,0.5,0.0,-0.43033333333333323,1,2,0,0,0,0,0.5,0.5
1642013,Malik Williams,SAS,27,8.707524284207418,3.5185185185185186,0.5925925925925926,1.1111111111111112,0.7777777777777778,0.18518518518518517,0.2222222222222222,0.5925925925925926,1.0425283950617283,36,76,11,38,12,17,1.7037037037037037,0.5689985625299473
1642066,Myron Gardner,MIA,4,9.775155343676637,1.0,0.0,1.25,1.75,0.25,0.0,0.25,-0.31285,2,9,0,5,0,0,1.25,0.2222222222222222
1642258,Zaccharie Risacher,DAL,54,23.601178687802864,12.11111111111111,0.8888888888888888,2.925925925925926,1.3703703703703705,0.7037037037037037,0.5555555555555556,1.1296296296296295,3.634699999999999,250,514,96,240,58,89,3.814814814814815,0.5911490346373564
1642259,Alex Sarr,WAS,48,27.578302007591635,14.604166666666666,2.0833333333333335,4.854166666666667,2.6875,0.7916666666666666,1.5416666666666667,1.7708333333333333,5.273626388888888,267,605,59,168,108,142,6.9375,0.5251093665727812
1642260,Nikola Topić,OKC,39,19.76775715149141,5.615384615384615,0.9487179487179487,1.564102564102564,4.589743589743589,0.717948717948718,0.2564102564102564,2.871794871794872,0.7480820512820514,91,203,22,63,15,22,2.5128205128205128,0.5148580026330637
1642261,Dalton Knecht,LAL,17,11.80880462404913,5.235294117647059,0.11764705882352941,1.7647058823529411,0.5882352941176471,0.11764705882352941,0.058823529411764705,0.5294117647058824,1.4063745098039215,35,68,12,36,7,10,1.8823529411764706,0.6146408839779005
1642262,Cody Williams,MIN,75,23.846095160276796,8.28,0.92,2.466666666666667,2.12,0.6933333333333334,0.32,1.2133333333333334,2.1706613333333333,253,552,51,184,64,98,3.3866666666666667,0.5217435139131603
1642263,Reed Sheppard,HOU,78,24.396881808187455,12.102564102564102,0.3076923076923077,2.41025641025641,2.8846153846153846,1.1794871794871795,0.46153846153846156,1.5,3.7528230769230766,342,810,178,469,82,97,2.717948717948718,0.5535488108082751
1642264,Stephon Castle,SAS,71,30.45485124252586,16.08450704225352,1.323943661971831,3.5492957746478875,6.52112676056338,0.8028169014084507,0.11267605633802817,2.8732394366197185,3.552501877934272,403,918,84,292,252,343,4.873239436619718,0.5341840362234779
1642266,Ja'Kobe Walter,TOR,59,23.895075328082054,8.40677966101695,1.0677966101694916,2.389830508474576,1.7118644067796611,1.4576271186440677,0.11864406779661017,0.7288135593220338,3.5793361581920906,168,392,96,239,64,89,3.4576271186440675,0.5751925039428519
1642267,Bub Carrington,WAS,78,28.48312777930295,10.551282051282051,0.3974358974358974,3.0,4.5256410256410255,0.6025641025641025,0.19230769230769232,2.4615384615384617,2.3021905982905984,302,672,140,356,79,107,3.3974358974358974,0.5722589976080547
1642268,Isaiah Collier,UTA,56,26.262586002201488,10.857142857142858,0.4642857142857143,2.7142857142857144,6.678571428571429,1.3214285714285714,0.30357142857142855,2.5535714285714284,3.8507410714285704,228,473,35,122,117,156,3.178571428571429,0.5612584004135588
1642269,Devin Carter,BOS,50,18.451393812785735,9.84,0.94,2.38,2.48,0.8,0.28,1.58,2.7917499999999995,179,399,64,159,70,102,3.32,0.5542038388753717
1642270,Donovan Clingan,POR,65,27.063768639959335,11.123076923076923,3.7846153846153845,6.4,2.1846153846153844,0.6,1.7846153846153847,1.2,7.171910769230769,287,520,61,157,88,130,10.184615384615384,0.6262993762993763
1642271,Kyle Filipowski,UTA,78,24.029934450877022,10.820512820512821,1.6794871794871795,4.705128205128205,2.628205128205128,0.8333333333333334,0.4230769230769231,1.5256410256410255,4.519389316239316,313,613,75,213,143,198,6.384615384615385,0.6027538136319488
1642272,Jared McCain,OKC,74,21.47776599267108,10.972972972972974,0.5405405405405406,1.6891891891891893,1.7432432432432432,0.5,0.06756756756756757,1.054054054054054,2.4913139639639637,284,686,146,384,98,112,2.22972972972973,0.5521706016755522
1642273,Kyshawn George,WAS,48,29.206906987633655,10.979166666666666,0.7708333333333334,4.104166666666667,3.6666666666666665,1.0208333333333333,1.0416666666666667,2.2291666666666665,1.8224243055555551,186,500,80,264,75,102,4.875,0.4835927176626046
1642274,Yves Missi,NOP,33,18.603198215524763,5.333333333333333,2.3333333333333335,2.6363636363636362,1.1818181818181819,0.30303030303030304,1.303030303030303,0.7272727272727273,3.075379797979798,70,134,0,0,36,63,4.96969696969697,0.5441503833786792
1642275,Tidjane Salaün,CHA,34,15.459398481011688,5.147058823529412,0.7647058823529411,3.0294117647058822,0.8235294117647058,0.47058823529411764,0.17647058823529413,0.6764705882352942,2.2003970588235293,61,139,29,78,24,35,3.7941176470588234,0.5667098445595855
1642276,Kel'el Ware,MIL,80,20.97112511999564,10.9,2.375,5.475,0.7125,0.7,0.8875,0.975,5.956345833333333,354,612,81,191,83,105,7.85,0.6624126405347918
1642277,Johnny Furphy,IND,48,18.7885876391064,5.583333333333333,1.1041666666666667,3.2916666666666665,1.1458333333333333,0.6666666666666666,0.1875,0.7083333333333334,2.4901354166666665,105,220,34,109,24,39,4.395833333333333,0.5650193961882274
1642278,Tyler Kolek,NYK,5,11.722550336688192,4.8,0.6,1.8,2.4,0.2,0.0,1.0,1.3819200000000003,9,17,2,3,4,6,2.4,0.6109979633401221
1642281,Jaylon Tyson,CLE,65,29.344367995085307,14.2,1.9692307692307693,3.6,2.2153846153846155,0.8461538461538461,0.3230769230769231,1.9538461538461538,4.62696205128205,352,705,129,315,90,120,5.569230769230769,0.608999736078121
1642285,Cam Spencer,MEM,73,25.22285398383479,11.876712328767123,0.6575342465753424,2.506849315068493,5.410958904109589,1.1095890410958904,0.1643835616438356,1.4931506849315068,5.60542602739726,287,628,160,369,133,146,3.1643835616438354,0.6262278978388998
1642345,Oso Ighodaro,PHX,72,21.78880873176152,6.444444444444445,1.5555555555555556,3.6944444444444446,2.236111111111111,0.9583333333333334,0.875,1.0138888888888888,3.9793393518518516,204,335,0,6,56,108,5.25,0.6065042350726759
1642346,Ryan Dunn,PHX,68,19.28148491314667,7.0588235294117645,1.3823529411764706,3.088235294117647,1.338235294117647,0.7058823529411765,0.4117647058823529,0.7647058823529411,3.3570882352941176,192,401,70,193,26,35,4.470588235294118,0.5763688760806917
1642347,Jamal Shead,TOR,80,26.999931785545424,8.95,0.5125,1.9875,6.4125,1.075,0.1875,1.7375,3.074759583333333,257,643,120,325,82,104,2.5,0.5197746675184389
1642348,Justin Edwards,PHI,16,14.225097930024077,5.25,0.5625,0.9375,0.9375,0.5625,0.1875,0.6875,1.496375,33,70,9,32,9,13,1.5,0.554675118858954
1642349,Ajay Mitchell,OKC,57,30.8717049920196,15.842105263157896,0.9649122807017544,2.736842105263158,4.157894736842105,1.3508771929824561,0.3508771929824561,1.6491228070175439,5.66048187134503,347,673,71,196,138,161,3.7017543859649122,0.6069853731985373
1642350,Trevon Brazile,DEN,3,10.912778829384123,3.6666666666666665,0.3333333333333333,2.0,0.6666666666666666,1.3333333333333333,0.3333333333333333,0.3333333333333333,1.7070222222222216,4,11,1,8,2,4,2.3333333333333335,0.4310344827586207
1642353,Cam Christie,LAC,3,11.385481604467715,3.0,0.3333333333333333,2.0,0.6666666666666666,0.0,0.0,0.6666666666666666,0.20928888888888886,4,10,1,4,0,0,2.3333333333333335,0.45
1642355,Bronny James,LAL,9,10.996697418063968,4.444444444444445,0.0,0.5555555555555556,1.2222222222222223,0.8888888888888888,0.2222222222222222,1.4444444444444444,0.887777777777778,16,33,7,12,1,1,0.5555555555555556,0.5980861244019139
1642358,AJ Johnson,NOP,2,9.37370875964138,6.5,0.0,0.5,0.5,0.5,0.0,0.0,2.655,5,10,0,2,3,4,0.5,0.5527210884353742
1642363,Nique Clifford,SAC,78,26.122450565398662,9.012820512820513,1.0897435897435896,2.769230769230769,2.7435897435897436,0.9102564102564102,0.2948717948717949,1.5897435897435896,2.0038850427350425,280,692,77,259,66,85,3.8589743589743586,0.48190293391828903
1642364,Jamir Watkins,WAS,60,21.15176367914272,8.783333333333333,1.3,2.4,1.5166666666666666,0.9,0.6166666666666667,0.7333333333333333,3.7421316666666664,185,394,79,218,78,113,3.7,0.593842964031371
1642366,Quinten Post,MEM,16,19.427976146710115,10.25,1.125,2.9375,1.625,0.6875,0.625,1.125,3.3903375,62,133,30,81,10,13,4.0625,0.591118800461361
1642367,Jonathan Mogbo,SAC,2,8.865027242132898,2.0,0.0,1.0,0.5,0.5,0.0,0.5,0.8536,2,3,0,0,0,0,1.0,0.6666666666666666
1642369,Michael Ajayi,CHA,8,9.414682144027678,2.75,0.625,1.125,1.125,0.25,0.5,0.625,0.5965833333333335,10,26,1,9,1,2,1.75,0.40922619047619047
1642377,Jaylen Wells,MEM,70,27.6565337069625,12.257142857142858,1.0285714285714285,2.7714285714285714,1.8142857142857143,0.8428571428571429,0.12857142857142856,1.1571428571428573,2.87896619047619,297,759,131,418,133,168,3.8,0.515055467511886
1642382,Branden Carlson,POR,25,12.9051872859504,6.84,0.76,2.4,0.84,0.08,0.56,0.36,2.498152,63,142,30,75,15,21,3.16,0.5653266331658291
1642383,Walter Clayton Jr.,MEM,67,21.784993303764626,9.17910447761194,0.29850746268656714,1.8656716417910448,4.358208955223881,0.8955223880597015,0.22388059701492538,1.7164179104477613,2.4606920398009944,194,504,86,257,141,165,2.164179104477612,0.5332986472424558
1642384,Isaiah Crawford,HOU,5,7.50400291792315,2.8,0.4,1.6,1.0,0.0,0.2,0.2,1.25224,5,12,2,4,2,2,2.0,0.5434782608695652
1642391,Ugonna Onyenso,DET,4,9.050277120903218,3.5,0.5,1.75,1.25,0.5,0.0,0.0,1.7969666666666666,6,13,1,5,1,1,2.25,0.5208333333333334
1642392,Jameer Nelson Jr.,PHI,7,8.083810441796413,1.7142857142857142,1.0,1.1428571428571428,0.5714285714285714,0.2857142857142857,0.14285714285714285,0.5714285714285714,0.32831428571428567,5,17,2,6,0,0,2.142857142857143,0.35294117647058826
1642396,Blake Hinson,UTA,50,20.931202263777116,10.24,0.92,1.76,1.24,0.42,0.16,0.48,3.7558426666666667,180,394,107,267,45,55,2.68,0.6121472979435677
1642398,Sean East II,SAC,36,8.96903165167465,2.9722222222222223,0.6388888888888888,1.0277777777777777,0.7777777777777778,0.3611111111111111,0.1111111111111111,0.4444444444444444,0.8291416666666667,39,106,12,45,17,23,1.6666666666666665,0.46073027902170166
1642419,Jamison Battle,TOR,54,10.404186522670527,2.2777777777777777,0.48148148148148145,1.5185185185185186,0.5185185185185185,0.2222222222222222,0.05555555555555555,0.4074074074074074,0.2860148148148148,47,153,20,99,9,10,2.0,0.39072426937738247
1642449,Tolu Smith,DET,12,9.813692455198327,2.3333333333333335,1.25,1.1666666666666667,1.1666666666666667,0.25,0.3333333333333333,0.6666666666666666,1.5827277777777777,9,19,1,2,9,15,2.416666666666667,0.546875
1642450,Daniss Jenkins,DET,66,20.436815855593327,8.954545454545455,0.803030303030303,1.4393939393939394,4.2272727272727275,1.0,0.10606060606060606,1.5757575757575757,2.6945499999999996,215,524,73,203,88,105,2.242424242424242,0.5182392143107681
1642461,Spencer Jones,DEN,71,23.2812420367,5.338028169014085,1.2394366197183098,2.2535211267605635,0.9154929577464789,0.6338028169014085,0.4084507042253521,0.5774647887323944,1.9233782472613457,141,293,60,152,37,60,3.492957746478873,0.5932999373825925
1642484,RayJ Dennis,ATL,3,12.461957930249293,5.666666666666667,0.0,1.3333333333333333,1.3333333333333333,0.3333333333333333,0.0,0.3333333333333333,0.4422,6,20,3,9,2,2,1.3333333333333333,0.407088122605364
1642502,Malevy Leons,GSW,3,13.389543521846564,6.333333333333333,0.3333333333333333,1.6666666666666667,2.0,1.3333333333333333,0.3333333333333333,0.6666666666666666,4.943533333333334,7,10,3,5,2,3,2.0,0.8392226148409894
1642504,Cormac Ryan,MIL,38,23.020173172626162,11.763157894736842,0.9736842105263158,2.4473684210526314,2.0789473684210527,0.7631578947368421,0.47368421052631576,1.4473684210526316,3.9140359649122805,161,342,68,190,57,68,3.4210526315789473,0.6009356850935685
1642530,Yuki Kawamura,LAC,21,13.21138909572433,3.7142857142857144,0.47619047619047616,1.7142857142857142,3.142857142857143,0.6190476190476191,0.0,0.5714285714285714,2.2254968253968253,26,72,10,46,16,20,2.1904761904761902,0.4826732673267327
1642578,John Ukomadu,DET,1,9.322320421472627,3.0,0.0,3.0,2.0,0.0,0.0,1.0,1.67,1,2,1,2,0,0,3.0,0.75
1642615,Tyreke Key,TOR,33,10.141151803698772,2.6666666666666665,0.5454545454545454,1.4848484848484849,0.8484848484848485,0.42424242424242425,0.24242424242424243,0.42424242424242425,0.7018303030303029,35,102,11,47,7,15,2.0303030303030303,0.40515653775322286
1642843,Cooper Flagg,DAL,68,34.469140661016425,22.294117647058822,1.2647058823529411,5.602941176470588,4.1911764705882355,1.25,1.1029411764705883,2.661764705882353,6.228701960784313,574,1215,68,243,300,354,6.867647058823529,0.5529779100644898
1642844,Dylan Harper,SAS,62,22.694617750962465,11.564516129032258,0.8548387096774194,2.435483870967742,3.838709677419355,0.6612903225806451,0.3387096774193548,1.2903225806451613,3.6979397849462363,286,561,62,154,83,109,3.2903225806451615,0.5887086179716238
1642845,VJ Edgecombe,PHI,79,31.08463118358903,11.848101265822784,1.379746835443038,3.962025316455696,3.962025316455696,1.620253164556962,0.43037974683544306,1.2151898734177216,5.0819194092827,361,806,117,334,97,132,5.341772151898734,0.5416165169891676
1642846,Ace Bailey,UTA,74,28.4039681289607,13.635135135135135,1.3783783783783783,2.7567567567567566,1.8513513513513513,0.7162162162162162,0.7162162162162162,1.3918918918918919,3.236974324324324,406,945,130,400,67,84,4.135135135135135,0.5137683816041386
1642847,Jeremiah Fears,NOP,80,23.841071487616006,13.4125,0.6625,2.6125,3.025,0.7875,0.375,1.8,3.0618454166666664,404,881,84,261,181,215,3.275,0.5499179991799917
1642848,Tre Johnson,WAS,67,24.416504384395903,12.925373134328359,0.582089552238806,2.298507462686567,2.328358208955224,0.5074626865671642,0.3283582089552239,1.537313432835821,2.6979641791044773,321,747,129,372,95,113,2.8805970149253732,0.5434782608695652
1642849,Nolan Traore,BKN,53,24.321860180520893,8.88679245283019,0.2830188679245283,1.8113207547169812,4.188679245283019,0.7169811320754716,0.6415094339622641,2.9622641509433962,0.3424786163522012,176,462,58,181,61,79,2.0943396226415096,0.4740719864723408
1642850,Thomas Sorber,OKC,5,13.14670303090636,4.8,0.6,1.6,0.6,0.8,0.8,0.4,1.5148800000000002,9,23,2,9,4,10,2.2,0.43795620437956206
1642851,Kon Knueppel,CHA,80,31.071655822176677,18.9875,1.0,4.2625,2.975,0.6375,0.275,2.1,5.7810533333333325,538,1177,275,708,168,197,5.2625,0.6010224107368954
1642852,Derik Queen,NOP,80,23.12347055169816,9.6625,1.65,4.55,3.4625,0.7625,0.9125,1.8625,3.35251375,300,653,16,81,157,207,6.199999999999999,0.5194333942586818
1642853,Rasheer Fleming,PHX,10,13.412419987411514,4.8,1.1,1.6,0.4,0.2,0.5,0.8,1.3664933333333333,16,46,11,33,5,7,2.7,0.48899755501222497
1642854,Asa Newell,ATL,2,10.817024152536368,9.0,0.5,0.5,0.5,0.5,0.0,0.0,3.9690000000000007,7,11,4,6,0,2,1.0,0.7575757575757576
1642856,Egor Dëmin,BKN,39,26.913459560138183,10.435897435897436,0.48717948717948717,2.7948717948717947,3.5641025641025643,0.717948717948718,0.3076923076923077,1.794871794871795,3.1492094017094012,141,340,93,244,32,40,3.282051282051282,0.5690715883668903
1642857,Kasparas Jakučionis,MIL,16,17.71457674742697,5.625,1.1875,1.1875,2.5,0.5,0.1875,0.875,2.545608333333333,30,62,14,41,16,18,2.375,0.6435926773455377
1642859,Jase Richardson,ORL,29,11.33426816651186,4.655172413793103,0.4482758620689655,0.5862068965517241,1.206896551724138,0.3448275862068966,0.0,0.3448275862068966,1.5466057471264367,47,107,19,53,22,26,1.0344827586206895,0.5699088145896657
1642860,Will Riley,WAS,63,22.702809796397467,11.476190476190476,0.873015873015873,2.253968253968254,1.8571428571428572,0.5714285714285714,0.07936507936507936,1.2698412698412698,3.0938470899470896,257,573,77,229,132,174,3.126984126984127,0.5565305745427674
1642862,Liam McNeeley,CHA,20,12.256749636765289,4.15,0.35,2.4,0.95,0.1,0.05,0.75,0.5648716666666667,25,70,12,42,21,27,2.75,0.5068392769907182
1642863,Khaman Maluach,PHX,2,9.695010348258442,3.0,1.0,0.5,0.5,0.5,1.0,0.5,1.2185333333333332,3,5,0,0,0,0,1.5,0.6
1642864,Hugo González,BOS,23,15.63902878386816,5.3478260869565215,0.6521739130434783,2.260869565217391,0.8260869565217391,0.6956521739130435,0.34782608695652173,0.4782608695652174,2.0889869565217394,49,103,13,44,12,15,2.913043478260869,0.5611313868613139
1642865,Yaxel Lendeborg,GSW,1,9.555521800367831,1.0,0.0,1.0,0.0,1.0,0.0,0.0,0.48799999999999993,0,1,0,1,1,2,1.0,0.26595744680851063
1642867,Collin Murray-Boyles,TOR,37,25.34393487728284,10.756756756756756,2.675675675675676,3.189189189189189,1.945945945945946,1.0,1.027027027027027,1.4054054054054055,5.042102702702702,161,279,17,44,59,86,5.864864864864865,0.628077262971847
1642868,Carter Bryant,SAS,39,12.181907074516829,4.923076923076923,0.7435897435897436,1.9743589743589745,0.8717948717948718,0.3076923076923077,0.46153846153846156,0.6666666666666666,1.482864957264957,70,164,33,93,19,22,2.717948717948718,0.5527406725011516
1642869,Noah Penda,ORL,50,12.689154407135886,3.68,1.08,1.68,1.26,0.42,0.36,0.78,1.28394,67,178,23,86,27,38,2.76,0.4724732949876746
1642870,Milos Uzan,BOS,9,9.149818055406799,2.7777777777777777,0.4444444444444444,0.7777777777777778,1.1111111111111112,0.5555555555555556,0.2222222222222222,0.0,1.642111111111111,8,22,3,9,6,10,1.2222222222222223,0.4734848484848485
1642874,Danny Wolf,BKN,58,22.315866489760264,9.810344827586206,1.0689655172413792,4.155172413793103,2.310344827586207,0.6896551724137931,0.5689655172413793,1.396551724137931,2.905258620689655,203,494,65,230,98,128,5.224137931034482,0.5169719435964529
1642875,Maxime Raynaud,SAC,77,27.599748166367775,14.818181818181818,1.6493506493506493,5.246753246753247,1.3766233766233766,0.5584415584415584,0.4935064935064935,1.3506493506493507,5.244858441558441,476,815,40,94,149,198,6.896103896103897,0.6323992373520152
1642877,Micah Peavy,MEM,14,16.837502905667098,5.428571428571429,0.9285714285714286,1.2857142857142858,1.2142857142857142,0.6428571428571429,0.14285714285714285,0.5,1.1368095238095237,29,77,7,27,11,14,2.2142857142857144,0.456950456950457
1642878,Tyrese Proctor,CLE,26,13.491414718965725,5.6923076923076925,0.19230769230769232,1.1923076923076923,2.1538461538461537,0.4230769230769231,0.038461538461538464,1.0384615384615385,0.37511025641025625,54,158,21,84,19,23,1.3846153846153846,0.44016178919819177
1642879,Ben Saraf,BKN,45,22.830727937157974,9.422222222222222,0.5777777777777777,2.0,3.6,1.3111111111111111,0.28888888888888886,1.9333333333333333,2.9372770370370365,154,329,33,92,83,101,2.5777777777777775,0.5676949443016281
1642880,Kam Jones,MIL,6,16.79937210873304,6.0,0.6666666666666666,1.3333333333333333,2.8333333333333335,0.6666666666666666,0.16666666666666666,0.3333333333333333,3.1188000000000002,13,33,6,18,4,4,2.0,0.5178365937859609
1642881,Bogoljub Marković,MIL,1,9.573068452934395,2.0,1.0,1.0,0.0,0.0,0.0,0.0,0.4320000000000001,1,3,0,2,0,0,2.0,0.3333333333333333
1642882,Julian Reese,NOP,53,28.038477061105446,10.09433962264151,3.509433962264151,5.2075471698113205,1.8679245283018868,1.2830188679245282,0.4716981132075472,1.7547169811320755,5.0793226415094335,210,414,13,24,102,134,8.716981132075471,0.5655869418132612
1642883,Sion James,CHA,80,22.281426968382682,6.4375,0.7125,2.6375,2.4125,0.675,0.225,0.8625,2.8418275,168,402,99,260,80,103,3.35,0.5756505409997318
1642885,Mohamed Diawara,NYK,5,9.817432353148714,6.2,0.2,0.8,0.8,0.0,0.2,0.2,2.2068133333333333,11,18,5,9,4,4,1.0,0.784412955465587
1642905,Hansen Yang,POR,3,7.827364085419614,2.0,0.0,1.3333333333333333,0.6666666666666666,0.0,0.3333333333333333,0.0,0.16233333333333352,2,8,0,3,2,2,1.3333333333333333,0.33783783783783783
1642907,Cedric Coward,MEM,57,26.974993446069785,13.0,1.5614035087719298,5.2105263157894735,3.087719298245614,0.8421052631578947,0.38596491228070173,1.9649122807017543,4.3502380116959065,273,599,84,251,111,148,6.771929824561403,0.5578811058242487
1642910,John Tonje,POR,14,6.944621935019732,3.5,0.0,0.7142857142857143,0.5,0.21428571428571427,0.07142857142857142,0.07142857142857142,0.9007523809523809,19,33,7,18,4,7,0.7142857142857143,0.6790465631929047
1642912,Isaiah Evans,MIN,8,9.226192161689113,5.5,1.125,1.625,1.25,0.375,0.25,0.5,3.4052749999999996,15,22,6,11,8,11,2.75,0.819672131147541
1642914,Javon Small,MEM,34,21.427828024291163,9.323529411764707,0.8529411764705882,3.0588235294117645,4.0,0.9411764705882353,0.17647058823529413,1.2352941176470589,4.232772549019607,109,246,46,130,53,63,3.911764705882353,0.5790588922986993
1642920,Kobe Sanders,LAC,47,20.25928657511448,7.48936170212766,0.3617021276595745,2.425531914893617,1.7234042553191489,0.5957446808510638,0.1276595744680851,1.1702127659574468,1.764718439716312,129,272,55,136,39,55,2.787234042553192,0.5941931127616475
1642923,Otega Oweh,OKC,1,14.112217132767626,12.0,2.0,1.0,3.0,1.0,1.0,1.0,8.570533333333334,4,5,1,2,3,6,3.0,0.7853403141361256
1642924,Brice Williams,DET,1,9.322320421472627,8.0,1.0,0.0,2.0,0.0,0.0,0.0,1.8389999999999997,3,8,2,4,0,0,1.0,0.5
1642926,Tamar Bates,UTA,3,10.105773875981798,5.333333333333333,0.0,0.3333333333333333,0.3333333333333333,0.6666666666666666,0.0,0.0,1.583333333333333,7,13,2,4,0,1,0.3333333333333333,0.5952380952380952
1642927,Nate Bittle,TOR,43,10.353104254208331,4.116279069767442,0.4418604651162791,1.697674418604651,0.7674418604651163,0.3488372093023256,0.2558139534883721,0.6046511627906976,1.4726620155038759,65,145,23,63,24,34,2.13953488372093,0.5532633158289572
1642928,Dylan Cardwell,SAC,43,21.118744203075654,6.906976744186046,3.5348837209302326,3.3488372093023258,1.4651162790697674,0.6744186046511628,1.372093023255814,1.186046511627907,4.125375193798449,123,217,8,10,43,64,6.883720930232558,0.6057268722466961
1642930,R.J. Davis,SAS,6,9.158404011221462,2.8333333333333335,0.8333333333333334,0.5,0.6666666666666666,0.3333333333333333,0.3333333333333333,0.5,0.8147222222222221,7,15,2,3,1,2,1.3333333333333335,0.535264483627204
1642933,Keshon Gilbert,ATL,16,14.66683481859296,4.25,0.5,1.5625,1.9375,0.6875,0.625,1.5625,1.31671875,22,52,6,15,18,22,2.0625,0.5512321660181583
1642937,Kobe Johnson,ATL,2,8.077542840999019,2.0,0.5,0.5,0.5,0.0,0.0,0.0,-0.6569999999999998,1,6,1,5,1,2,1.0,0.29069767441860467
1642938,Curtis Jones,CLE,42,10.493218947034247,3.1904761904761907,0.3333333333333333,1.4761904761904763,1.4285714285714286,0.38095238095238093,0.09523809523809523,0.30952380952380953,1.5631468253968253,49,123,21,75,15,18,1.8095238095238095,0.5117629086465018
1642939,Miles Kelly,GSW,5,11.280163811032889,5.0,0.2,2.0,0.8,0.2,0.2,0.8,1.3364,8,23,7,19,2,2,2.2,0.5234505862646567
1642940,Viktor Lakhin,SAC,29,9.371851804584413,3.8620689655172415,0.3448275862068966,1.206896551724138,1.103448275862069,0.2413793103448276,0.13793103448275862,0.6551724137931034,0.7137436781609194,39,105,12,50,22,31,1.5517241379310345,0.4720161834120027
1642942,Jahmai Mashack,MEM,57,22.581590341838368,8.368421052631579,0.7543859649122807,1.9298245614035088,2.0,0.9649122807017544,0.38596491228070173,1.6140350877192982,1.8239421052631577,182,412,62,168,51,69,2.6842105263157894,0.5391536305271725
1642948,Ryan Nembhard,DEN,66,20.678369003039435,6.651515151515151,0.18181818181818182,2.5606060606060606,5.606060606060606,0.5454545454545454,0.06060606060606061,1.378787878787879,2.1549964646464645,174,433,49,148,42,50,2.742424242424242,0.4824175824175824
1642949,Yanic Konan Niederhäuser,LAC,16,12.536170467070914,5.3125,0.75,2.3125,0.375,0.0625,1.0625,0.4375,2.0466083333333334,27,47,3,4,28,34,3.0625,0.6859264041316978
1642951,Sean Pedulla,HOU,3,4.706759690057377,0.0,0.0,0.0,0.3333333333333333,0.3333333333333333,0.0,0.6666666666666666,-1.2866666666666668,0,2,0,1,0,0,0.0,0.0
1642954,Will Richard,GSW,72,20.96223772603985,6.763888888888889,1.1944444444444444,1.5416666666666667,1.7083333333333333,1.3888888888888888,0.1388888888888889,0.8611111111111112,3.406674537037037,183,383,78,225,43,53,2.736111111111111,0.5992813545973616
1642955,Kadary Richmond,CLE,64,20.024551859338455,6.90625,0.5625,2.609375,2.484375,1.71875,0.46875,0.796875,4.655045833333333,171,343,47,129,53,67,3.171875,0.5933204467353952
1642959,Chris Youngblood,POR,7,7.223100481372252,2.142857142857143,0.5714285714285714,0.14285714285714285,1.1428571428571428,0.0,0.14285714285714285,0.0,0.908952380952381,5,11,3,5,2,2,0.7142857142857142,0.6313131313131313
1642962,Drake Powell,BKN,62,23.01165655303622,7.274193548387097,0.46774193548387094,1.8870967741935485,1.6612903225806452,0.5483870967741935,0.2903225806451613,1.3387096774193548,1.229982974910394,159,391,69,213,64,76,2.3548387096774195,0.531288285741212
1642964,Brooks Barnhizer,OKC,40,11.230836655599312,2.975,0.95,1.65,0.725,0.45,0.175,0.225,1.8237266666666667,47,105,9,32,16,20,2.5999999999999996,0.522847100175747
1642967,John Poulakidas,DAL,45,20.482316770797265,9.377777777777778,0.6444444444444445,2.3555555555555556,1.2,0.6,0.4444444444444444,0.4888888888888889,3.2324177777777776,141,334,101,273,39,44,3.0,0.5971247453022414
1643007,Taelon Peter,SAS,37,13.129340610915477,5.0,0.2702702702702703,1.6486486486486487,1.135135135135135,0.6216216216216216,0.10810810810810811,0.7567567567567568,1.5857477477477477,65,164,40,121,15,17,1.9189189189189189,0.539421506881269
1643016,Bez Mbeng,MIA,50,31.32509776255816,9.78,1.1,2.72,4.32,2.04,0.46,1.5,5.083331333333333,186,359,31,92,86,115,3.8200000000000003,0.5969238281249999
1643018,LJ Cryer,GSW,32,18.00369915728948,9.65625,0.375,1.875,1.40625,0.25,0.03125,0.6875,2.9132697916666666,101,234,76,178,31,40,2.25,0.6140699523052464
1643022,Jaden Akins,NYK,1,8.55772476379302,0.0,0.0,1.0,0.0,0.0,0.0,0.0,-0.48,0,1,0,1,0,0,1.0,0.0
1643047,CJ Huntley,PHX,5,9.105289447734334,4.2,0.8,0.8,0.8,0.8,0.0,0.2,2.842573333333333,8,15,3,5,2,2,1.6,0.6612090680100755
1643052,Chaney Johnson,BKN,51,22.196988227208532,9.980392156862745,1.9607843137254901,3.0784313725490198,2.5098039215686274,1.0,0.4117647058823529,1.1764705882352942,4.413858823529412,175,334,44,117,115,133,5.03921568627451,0.6483746051156629
1643060,Hayden Gray,BOS,58,19.80795728664658,7.396551724137931,0.8275862068965517,1.6724137931034482,1.5517241379310345,0.8275862068965517,0.4482758620689655,1.2586206896551724,2.73155632183908,162,330,55,146,50,60,2.5,0.6018518518518519
1643113,Zack Austin,CLE,33,10.082519708421861,3.515151515151515,0.696969696969697,1.2121212121212122,0.7878787878787878,0.45454545454545453,0.3333333333333333,0.696969696969697,1.0645121212121211,45,109,12,41,14,22,1.9090909090909092,0.4887091338051904
1643120,Dain Dainja,BKN,1,9.816307800441741,5.0,0.0,3.0,0.0,0.0,0.0,1.0,0.8050000000000002,2,3,1,2,0,0,3.0,0.8333333333333334
1643121,Steve Settle III,WAS,6,9.543139814239304,2.3333333333333335,0.3333333333333333,2.0,1.1666666666666667,0.0,0.16666666666666666,0.8333333333333334,0.23586666666666667,6,17,1,4,1,1,2.3333333333333335,0.4013761467889908
1643148,Saint Thomas,PHI,2,8.07881697069178,4.0,0.5,1.5,0.5,0.5,0.5,1.0,1.9649999999999999,2,3,1,1,3,5,2.0,0.7692307692307692
1643257,Jayson Kent,POR,2,5.7287571074452845,0.0,0.0,1.5,0.0,0.5,0.0,0.5,-0.3833,0,3,0,2,0,0,1.5,0.0
1643265,Jonas Aidoo,UTA,10,9.549249071475227,4.7,0.5,0.6,1.2,0.3,0.5,0.2,1.9058866666666667,18,36,6,12,5,5,1.1,0.6151832460732983
1643407,AJ Dybantsa,WAS,4,10.523650294168878,3.5,0.25,1.5,2.25,0.25,0.75,0.0,2.7428333333333335,6,14,2,5,0,0,1.75,0.5
1643408,Darryn Peterson,UTA,1,9.40415430009343,0.0,3.0,3.0,2.0,0.0,0.0,0.0,3.16,0,1,0,0,0,0,6.0,0.0
1643409,Cameron Boozer,MEM,2,9.813771501611757,4.0,0.5,1.0,0.0,0.5,0.0,0.0,2.1775,3,5,2,4,0,0,1.5,0.8
1643410,Caleb Wilson,CHI,2,10.57549948377835,4.0,1.5,2.5,2.5,1.0,0.0,0.5,4.575799999999999,3,5,2,3,0,0,4.0,0.8
1643411,Darius Acuff Jr.,SAC,14,9.69874488356598,4.357142857142857,0.5,1.5714285714285714,0.7857142857142857,0.35714285714285715,0.42857142857142855,0.8571428571428571,0.9140380952380952,24,55,8,25,5,6,2.071428571428571,0.5291464260929909
1643413,Keaton Wagler,LAC,4,11.289390598298432,7.75,0.5,2.5,0.5,0.25,0.0,0.75,2.800416666666666,11,17,2,5,7,9,3.0,0.7395038167938931
1643414,Mikel Brown Jr.,BKN,28,9.750173297414182,4.071428571428571,0.6428571428571429,1.7142857142857142,0.9285714285714286,0.35714285714285715,0.03571428571428571,0.5357142857142857,1.2141154761904762,41,95,17,52,15,18,2.357142857142857,0.5538282160901671
1643415,Brayden Burries,MIL,3,9.327433190230792,7.333333333333333,0.6666666666666666,1.0,1.3333333333333333,1.0,0.0,0.3333333333333333,5.337,9,11,2,3,2,3,1.6666666666666665,0.8928571428571428
1643417,Nate Ament,MIL,3,9.327433190230792,4.666666666666667,1.0,1.6666666666666667,0.0,0.0,0.0,0.6666666666666666,0.23533333333333326,7,15,0,5,0,0,2.666666666666667,0.4666666666666667
1643419,Hannes Steinbach,CHA,1,12.011857975147509,2.0,0.0,3.0,1.0,0.0,0.0,3.0,-2.5999999999999996,0,2,0,2,2,2,3.0,0.3472222222222222
1643509,Meleek Thomas,CLE,6,10.762237663162084,4.833333333333333,0.0,2.5,1.1666666666666667,0.3333333333333333,0.6666666666666666,0.8333333333333334,1.1999111111111114,11,25,5,10,2,2,2.5,0.5602782071097373
1643510,Karim Lopez,MEM,1,10.848951197987887,2.0,1.0,0.0,1.0,0.0,0.0,0.0,-0.10199999999999998,1,2,0,0,0,0,1.0,0.5
1643512,Allen Graves,TOR,2,11.310359512053079,6.5,1.5,1.0,0.0,1.5,0.5,0.0,5.1537500000000005,4,7,2,5,3,4,2.5,0.7420091324200914
1643516,Morez Johnson Jr.,DAL,9,9.649475745488376,3.111111111111111,0.4444444444444444,1.6666666666666667,1.2222222222222223,0.1111111111111111,0.1111111111111111,0.5555555555555556,0.6941814814814814,11,28,3,15,3,4,2.111111111111111,0.4704301075268817
1643517,Dailyn Swain,CHI,7,10.629478269366961,3.0,1.1428571428571428,0.8571428571428571,1.1428571428571428,0.14285714285714285,0.42857142857142855,0.42857142857142855,0.9196809523809526,9,27,1,10,2,3,2.0,0.3707627118644068
1643538,Joshua Jefferson,BKN,20,10.083099058976526,4.35,0.55,1.5,0.65,0.2,0.2,0.4,1.5723766666666665,30,67,11,28,16,19,2.05,0.5772292993630573
1643542,Tarris Reed Jr.,SAS,6,9.348877531821111,6.333333333333333,0.8333333333333334,1.3333333333333333,1.3333333333333333,0.3333333333333333,0.16666666666666666,0.5,2.503361111111111,11,23,6,14,10,14,2.1666666666666665,0.6515775034293553
1643547,Sergio de Larrea,DAL,3,10.021614817907762,6.0,0.3333333333333333,0.6666666666666666,1.6666666666666667,0.0,0.3333333333333333,0.0,3.2433333333333336,7,12,3,5,1,3,1.0,0.6756756756756757
1643548,Tyler Bilodeau,BKN,5,11.299067757284691,4.6,0.6,1.0,0.6,0.2,0.2,0.4,1.136533333333333,9,17,2,6,3,4,1.6,0.6130063965884861
1643551,Ja'Kobi Gillespie,SAS,3,9.70398594969698,4.666666666666667,0.0,1.3333333333333333,1.0,1.3333333333333333,0.0,0.6666666666666666,0.42311111111111116,6,16,2,5,0,0,1.3333333333333333,0.4375
1643552,Braden Smith,IND,2,10.120021473588274,1.0,0.0,3.0,2.0,0.5,0.5,0.0,0.1853666666666668,1,8,0,4,0,0,3.0,0.125
1643553,Ryan Conwell,MIA,1,8.504549077861283,6.0,1.0,0.0,0.0,0.0,0.0,0.0,2.7,3,4,0,0,0,0,1.0,0.75
1643555,Jaron Pierre Jr.,NOP,5,8.78979837243401,4.2,0.6,1.2,0.8,0.2,0.2,0.4,0.7123733333333332,8,23,1,8,4,4,1.7999999999999998,0.42407108239095315
1643558,Jaden Bradley,TOR,11,12.001693477062723,4.363636363636363,1.3636363636363635,2.4545454545454546,0.7272727272727273,0.2727272727272727,0.2727272727272727,0.45454545454545453,1.8513727272727272,17,41,5,13,9,17,3.8181818181818183,0.495049504950495
1643567,Emanuel Sharp,SAC,8,10.562477981016455,3.125,0.625,1.5,0.625,0.5,0.25,0.625,0.7567666666666665,10,27,4,15,1,2,2.125,0.4483500717360115
1643568,Nick Martinelli,LAC,1,12.283238639796199,9.0,0.0,1.0,2.0,0.0,1.0,2.0,0.27499999999999947,4,9,0,1,1,1,1.0,0.4766949152542373
1643570,Bruce Thornton,HOU,12,9.067041061812354,4.666666666666667,0.3333333333333333,1.25,1.0,0.3333333333333333,0.25,0.5833333333333334,1.7976444444444446,22,41,8,16,4,6,1.5833333333333333,0.6416131989000916
1643573,Kylan Boswell,CHA,7,9.665250442775003,3.0,0.7142857142857143,1.7142857142857142,1.2857142857142858,0.5714285714285714,0.0,0.42857142857142855,0.29755238095238096,8,28,2,14,3,6,2.4285714285714284,0.3426892950391645
1643575,Duke Miles,PHI,1,8.070234499331196,11.0,0.0,0.0,0.0,0.0,0.0,1.0,2.9403333333333332,3,4,1,1,4,4,0.0,0.9548611111111112
1643576,Maliq Brown,SAS,3,9.493408504581835,4.666666666666667,0.0,0.6666666666666666,1.0,0.3333333333333333,0.6666666666666666,1.0,1.0937333333333334,6,10,1,4,1,3,0.6666666666666666,0.6183745583038869
1643588,Tobi Lawal,DAL,4,10.201230330606261,4.25,0.0,1.25,0.75,0.0,0.5,0.0,2.4495,7,11,3,6,0,1,1.25,0.743006993006993
1643590,Felix Okpara,WAS,3,10.532634094307687,6.0,0.6666666666666666,1.3333333333333333,1.6666666666666667,0.6666666666666666,0.6666666666666666,0.3333333333333333,4.26,5,11,2,5,6,7,2.0,0.6392045454545454
1643591,Tobe Awaka,CHI,44,9.480915730831317,3.4318181818181817,0.7272727272727273,1.2954545454545454,0.9318181818181818,0.22727272727272727,0.18181818181818182,0.4318181818181818,0.8661318181818182,57,140,13,58,24,28,2.0227272727272725,0.4956670168067227
1643593,Izaiyah Nelson,ORL,7,9.527731028822586,3.142857142857143,0.5714285714285714,1.8571428571428572,0.2857142857142857,0.14285714285714285,0.2857142857142857,0.2857142857142857,2.5440285714285715,9,10,3,3,1,1,2.428571428571429,1.053639846743295
1643595,Quadir Copeland,HOU,21,8.380705792797315,3.0,0.42857142857142855,1.0,0.5238095238095238,0.2857142857142857,0.19047619047619047,0.5238095238095238,0.7708253968253969,23,44,5,13,12,17,1.4285714285714286,0.6118881118881119
1643597,Robert McCray V,OKC,63,10.238931142015089,3.4761904761904763,0.5238095238095238,1.1587301587301588,1.0793650793650793,0.2857142857142857,0.1746031746031746,0.3968253968253968,1.2337936507936509,86,184,27,75,20,35,1.6825396825396828,0.5491474423269809
1643620,Tucker DeVries,BOS,3,9.940814248357833,3.3333333333333335,0.6666666666666666,2.0,1.0,0.0,0.0,1.0,1.1283333333333334,4,5,2,2,0,0,2.6666666666666665,1.0
1643627,Keba Keita,IND,12,9.536661611540818,3.8333333333333335,0.5,1.1666666666666667,0.9166666666666666,0.25,0.25,0.6666666666666666,1.2932722222222222,17,33,8,16,4,8,1.6666666666666667,0.6297918948521357
1643630,Fletcher Loyer,LAC,12,9.828262650977395,3.3333333333333335,0.6666666666666666,1.75,0.6666666666666666,0.9166666666666666,0.25,0.6666666666666666,0.6709611111111111,16,45,5,20,3,4,2.4166666666666665,0.42771599657827203
1643637,Jaylin Sellers,CHI,18,10.047062663693932,4.166666666666667,0.4444444444444444,1.6666666666666667,0.8888888888888888,0.3888888888888889,0.4444444444444444,0.7222222222222222,1.0463425925925927,26,73,11,31,12,15,2.111111111111111,0.47110552763819097
1643640,"Ernest Udeh, Jr.",CLE,2,13.768885758897289,4.5,2.5,2.0,1.5,0.5,0.5,0.0,3.2460666666666667,4,9,0,4,1,2,4.5,0.4554655870445344
1643717,Josh Dix,OKC,38,10.481754276665702,2.9210526315789473,0.5,0.8421052631578947,0.9736842105263158,0.3684210526315789,0.3684210526315789,0.5526315789473685,0.24773070175438594,44,133,12,58,11,19,1.3421052631578947,0.3926146010186757
1643718,Nimari Burnett,TOR,20,10.991844094741918,3.65,0.5,1.25,0.75,0.35,0.15,0.5,1.24475,25,54,8,30,15,19,1.75,0.5853110968569596
1643721,Carson Cooper,MEM,3,9.267395626697207,2.3333333333333335,1.6666666666666667,1.6666666666666667,0.3333333333333333,0.0,0.0,1.0,0.9545555555555557,3,5,1,3,0,0,3.3333333333333335,0.7
1643738,Malik Dia,NOP,7,8.663020574366636,1.7142857142857142,0.14285714285714285,1.4285714285714286,1.2857142857142858,0.5714285714285714,0.42857142857142855,0.2857142857142857,1.570714285714286,4,10,0,4,4,4,1.5714285714285714,0.5102040816326531
1643750,Ben Humrichous,BKN,14,10.449445820687,3.7857142857142856,0.9285714285714286,1.2857142857142858,0.7857142857142857,0.35714285714285715,0.14285714285714285,0.7857142857142857,1.1896785714285714,21,48,6,19,5,6,2.2142857142857144,0.5233017377567141
1643754,Christoph Tilly,OKC,25,11.326002408266406,3.76,0.72,1.6,1.36,0.56,0.28,0.84,1.1102306666666666,34,84,10,38,16,27,2.3200000000000003,0.4901960784313726
1643758,AK Okereke,LAL,2,10.27915739760598,5.0,0.5,1.0,0.5,0.0,0.0,0.5,1.3511333333333337,4,8,2,5,0,0,1.5,0.625
1643759,William Kyle,LAL,6,9.763789814537219,3.0,0.6666666666666666,1.0,1.0,0.16666666666666666,0.0,0.16666666666666666,0.7479222222222223,7,17,2,7,2,4,1.6666666666666665,0.4797441364605543
1643769,Wyatt Fricks,CHA,2,11.085311951190919,7.0,0.5,1.0,1.0,0.0,0.0,1.0,1.4737499999999997,5,11,2,4,2,2,1.5,0.5892255892255892
1643772,Rashaun Agee,CLE,19,11.173051536812533,4.684210526315789,0.8947368421052632,1.6842105263157894,0.9473684210526315,0.42105263157894735,0.3684210526315789,0.42105263157894735,2.0487894736842107,34,71,9,29,12,16,2.5789473684210527,0.5702203997949769
1643792,Rienk Mast,IND,5,9.817987383033586,3.4,1.0,1.2,0.4,0.4,0.4,0.4,1.2355999999999998,5,16,1,4,6,6,2.2,0.4560085836909871
1643808,Andrew Holifield,OKC,16,11.66707189318424,3.5625,0.8125,1.3125,1.1875,0.5,0.0625,0.625,1.2726624999999998,21,59,8,26,7,9,2.125,0.45266836086404066
