gameId,actionNumber,clock,period,teamId,teamTricode,personId,playerName,playerNameI,xLegacy,yLegacy,shotDistance,shotResult,isFieldGoal,scoreHome,scoreAway,pointsTotal,location,description,actionType,subType,videoAvailable,shotValue,actionId
0021800928,2,PT12M00.00S,1,0,,0,,,0,0,0,,0,0,0,0,,Start of 1st Period (7:41 PM EST),period,start,0,0,1
0021800928,4,PT12M00.00S,1,1610612737,ATL,203473,Dedmon,D. Dedmon,0,0,0,,0,,,0,h,Jump Ball Dedmon vs. Lopez: Tip to Markkanen,Jump Ball,,1,0,2
0021800928,7,PT11M44.00S,1,1610612741,CHI,1628374,Markkanen,L. Markkanen,103,27,11,Missed,1,,,0,v,MISS Markkanen 11' Turnaround Jump Shot,Missed Shot,Turnaround Jump Shot,1,2,3
0021800928,8,PT11M39.00S,1,1610612737,ATL,203473,Dedmon,D. Dedmon,0,0,0,,0,,,0,h,Dedmon REBOUND (Off:0 Def:1),Rebound,Unknown,1,0,4
0021800928,9,PT11M35.00S,1,1610612737,ATL,1629027,Young,T. Young,0,0,0,,0,,,0,h,Young Traveling Turnover (P1.T1),Turnover,Traveling,1,0,5
0021800928,10,PT11M23.00S,1,1610612741,CHI,1628374,Markkanen,L. Markkanen,36,247,25,Missed,1,,,0,v,MISS Markkanen 25' 3PT Jump Shot,Missed Shot,Jump Shot,1,3,6
0021800928,11,PT11M19.00S,1,1610612737,ATL,203473,Dedmon,D. Dedmon,0,0,0,,0,,,0,h,Dedmon REBOUND (Off:0 Def:2),Rebound,Unknown,1,0,7
0021800928,12,PT11M13.00S,1,1610612737,ATL,1628989,Huerter,K. Huerter,41,247,25,Missed,1,,,0,h,MISS Huerter 25' 3PT Step Back Jump Shot,Missed Shot,Step Back Jump shot,1,3,8
0021800928,13,PT11M10.00S,1,1610612741,CHI,201577,Lopez,R. Lopez,0,0,0,,0,,,0,v,Lopez REBOUND (Off:0 Def:1),Rebound,Unknown,1,0,9
0021800928,14,PT10M53.00S,1,1610612741,CHI,1627739,Dunn,K. Dunn,6,13,1,Made,1,0,2,2,v,Dunn 1' Driving Layup (2 PTS),Made Shot,Driving Layup Shot,1,2,10
0021800928,15,PT10M39.00S,1,1610612737,ATL,1627752,Prince,T. Prince,-156,201,25,Made,1,3,2,5,h,Prince 25' 3PT Jump Shot (3 PTS) (Spellman 1 AST),Made Shot,Jump Shot,1,3,11
0021800928,17,PT10M15.00S,1,1610612741,CHI,201577,Lopez,R. Lopez,-13,55,6,Missed,1,,,0,v,MISS Lopez 6' Hook Shot,Missed Shot,Hook Shot,1,2,12
0021800928,18,PT10M12.00S,1,1610612737,ATL,203473,Dedmon,D. Dedmon,0,0,0,,0,,,0,h,Dedmon REBOUND (Off:0 Def:3),Rebound,Unknown,1,0,13
0021800928,19,PT10M02.00S,1,1610612737,ATL,1629016,Spellman,O. Spellman,0,0,0,,0,,,0,h,Spellman Out of Bounds Lost Ball Turnover (P1.T2),Turnover,Out of Bounds Lost Ball Turnover,1,0,14
0021800928,20,PT09M53.00S,1,1610612741,CHI,203897,LaVine,Z. LaVine,118,226,25,Made,1,3,5,8,v,LaVine 25' 3PT Pullup Jump Shot (3 PTS),Made Shot,Pullup Jump shot,1,3,15
0021800928,21,PT09M35.00S,1,1610612741,CHI,1627739,Dunn,K. Dunn,0,0,0,,0,,,0,v,Dunn P.FOUL (P1.T1) (J.Goble),Foul,Personal,1,0,16
0021800928,23,PT09M34.00S,1,1610612737,ATL,203473,Dedmon,D. Dedmon,72,242,25,Missed,1,,,0,h,MISS Dedmon 25' 3PT Jump Shot,Missed Shot,Jump Shot,1,3,17
0021800928,24,PT09M29.00S,1,1610612741,CHI,203490,Porter Jr.,O. Porter Jr.,0,0,0,,0,,,0,v,Porter Jr. REBOUND (Off:0 Def:1),Rebound,Unknown,1,0,18
0021800928,25,PT09M21.00S,1,1610612741,CHI,203490,Porter Jr.,O. Porter Jr.,4,11,1,Missed,1,,,0,v,MISS Porter Jr. 1' Driving Layup,Missed Shot,Driving Layup Shot,1,2,19
0021800928,26,PT09M19.00S,1,1610612737,ATL,1628989,Huerter,K. Huerter,0,0,0,,0,,,0,h,Huerter REBOUND (Off:0 Def:1),Rebound,Unknown,1,0,20
0021800928,27,PT09M11.00S,1,1610612737,ATL,1627752,Prince,T. Prince,-147,11,15,Made,1,5,5,10,h,Prince 15' Step Back Jump Shot (5 PTS),Made Shot,Step Back Jump shot,1,2,21
0021800928,28,PT08M57.00S,1,1610612741,CHI,1627739,Dunn,K. Dunn,228,49,0,Missed,1,,,0,v,MISS Dunn 3PT Jump Shot,Missed Shot,Jump Shot,1,3,22
0021800928,29,PT08M57.00S,1,1610612737,ATL,1629016,Spellman,O. Spellman,0,0,0,,0,,,0,h,Spellman REBOUND (Off:0 Def:1),Rebound,Unknown,1,0,23
0021800928,30,PT08M45.00S,1,1610612737,ATL,203473,Dedmon,D. Dedmon,229,47,0,Missed,1,,,0,h,MISS Dedmon 3PT Jump Shot,Missed Shot,Jump Shot,1,3,24
0021800928,31,PT08M42.00S,1,1610612741,CHI,1627739,Dunn,K. Dunn,0,0,0,,0,,,0,v,Dunn REBOUND (Off:0 Def:1),Rebound,Unknown,1,0,25
0021800928,32,PT08M37.00S,1,1610612741,CHI,1627739,Dunn,K. Dunn,-29,41,5,Missed,1,,,0,v,MISS Dunn 5' Driving Layup,Missed Shot,Driving Layup Shot,1,2,26
0021800928,33,PT08M33.00S,1,1610612741,CHI,201577,Lopez,R. Lopez,0,0,0,,0,,,0,v,Lopez REBOUND (Off:1 Def:1),Rebound,Unknown,1,0,27
0021800928,34,PT08M31.00S,1,1610612741,CHI,1628374,Markkanen,L. Markkanen,16,254,25,Missed,1,,,0,v,MISS Markkanen 25' 3PT Jump Shot,Missed Shot,Jump Shot,1,3,28
0021800928,35,PT08M31.00S,1,1610612737,ATL,203473,Dedmon,D. Dedmon,0,0,0,,0,,,0,h,Dedmon REBOUND (Off:0 Def:4),Rebound,Unknown,1,0,29
0021800928,36,PT08M22.00S,1,1610612737,ATL,1629027,Young,T. Young,74,262,27,Missed,1,,,0,h,MISS Young 27' 3PT Pullup Jump Shot,Missed Shot,Pullup Jump shot,1,3,30
0021800928,37,PT08M19.00S,1,1610612741,CHI,201577,Lopez,R. Lopez,0,0,0,,0,,,0,v,Lopez REBOUND (Off:1 Def:2),Rebound,Unknown,1,0,31
0021800928,38,PT08M06.00S,1,1610612741,CHI,203897,LaVine,Z. LaVine,-1,4,0,Made,1,5,7,12,v,LaVine Driving Reverse Layup (5 PTS) (Dunn 1 AST),Made Shot,Driving Reverse Layup Shot,1,2,32
0021800928,40,PT07M47.00S,1,1610612737,ATL,203473,Dedmon,D. Dedmon,-6,127,13,Made,1,7,7,14,h,Dedmon 13' Alley Oop Dunk (2 PTS) (Young 1 AST),Made Shot,Alley Oop Dunk Shot,1,2,33
0021800928,42,PT07M38.00S,1,1610612741,CHI,203490,Porter Jr.,O. Porter Jr.,33,256,26,Made,1,7,10,17,v,Porter Jr. 26' 3PT Jump Shot (3 PTS) (Dunn 2 AST),Made Shot,Jump Shot,1,3,34
0021800928,44,PT07M23.00S,1,1610612737,ATL,1629027,Young,T. Young,-6,15,2,Missed,1,,,0,h,MISS Young 2' Driving Layup,Missed Shot,Driving Layup Shot,1,2,35
0021800928,44,PT07M23.00S,1,1610612741,CHI,201577,Lopez,R. Lopez,0,0,0,,0,,,0,v,Lopez BLOCK (1 BLK),,,1,2,36
0021800928,46,PT07M23.00S,1,0,,1610612737,,,0,0,0,,0,,,0,h,HAWKS Rebound,Rebound,Unknown,0,0,37
0021800928,48,PT07M18.00S,1,1610612741,CHI,203490,Porter Jr.,O. Porter Jr.,0,0,0,,0,,,0,v,Porter Jr. S.FOUL (P1.T2) (G.Petraitis),Foul,Shooting,1,0,38
0021800928,50,PT07M18.00S,1,1610612737,ATL,1629016,Spellman,O. Spellman,0,0,0,,0,8,10,18,h,Spellman Free Throw 1 of 2 (1 PTS),Free Throw,Free Throw 1 of 2,0,0,39
0021800928,51,PT07M18.00S,1,1610612737,ATL,1628989,Huerter,K. Huerter,0,0,0,,0,,,0,h,SUB: Bazemore FOR Huerter,Substitution,,0,0,40
0021800928,53,PT07M18.00S,1,1610612737,ATL,1629016,Spellman,O. Spellman,0,0,0,,0,9,10,19,h,Spellman Free Throw 2 of 2 (2 PTS),Free Throw,Free Throw 2 of 2,0,0,41
0021800928,54,PT07M07.00S,1,1610612741,CHI,203897,LaVine,Z. LaVine,5,18,2,Missed,1,,,0,v,MISS LaVine 2' Driving Layup,Missed Shot,Driving Layup Shot,1,2,42
0021800928,55,PT07M03.00S,1,1610612737,ATL,1629016,Spellman,O. Spellman,0,0,0,,0,,,0,h,Spellman REBOUND (Off:0 Def:2),Rebound,Unknown,1,0,43
0021800928,56,PT06M57.00S,1,1610612737,ATL,1627752,Prince,T. Prince,230,6,0,Made,1,12,10,22,h,Prince 3PT Pullup Jump Shot (8 PTS) (Spellman 2 AST),Made Shot,Pullup Jump shot,1,3,44
0021800928,58,PT06M37.00S,1,1610612741,CHI,1627739,Dunn,K. Dunn,-127,232,26,Made,1,12,13,25,v,Dunn 26' 3PT Pullup Jump Shot (5 PTS),Made Shot,Pullup Jump shot,1,3,45
0021800928,59,PT06M17.00S,1,1610612737,ATL,203473,Dedmon,D. Dedmon,226,41,0,Made,1,15,13,28,h,Dedmon 3PT Jump Shot (5 PTS) (Prince 1 AST),Made Shot,Jump Shot,1,3,46
0021800928,61,PT06M10.00S,1,1610612741,CHI,203490,Porter Jr.,O. Porter Jr.,-145,204,25,Missed,1,,,0,v,MISS Porter Jr. 25' 3PT Jump Shot,Missed Shot,Jump Shot,1,3,47
0021800928,62,PT06M07.00S,1,1610612737,ATL,203473,Dedmon,D. Dedmon,0,0,0,,0,,,0,h,Dedmon REBOUND (Off:0 Def:5),Rebound,Unknown,1,0,48
0021800928,63,PT06M03.00S,1,1610612741,CHI,1627739,Dunn,K. Dunn,0,0,0,,0,,,0,v,Dunn S.FOUL (P2.T3) (Z.Zarba),Foul,Shooting,1,0,49
0021800928,65,PT06M03.00S,1,0,,1610612737,,,0,0,0,,0,,,0,h,HAWKS Timeout: Regular (Full 1 Short 0),Timeout,Regular,0,0,50
0021800928,66,PT06M03.00S,1,1610612737,ATL,1629016,Spellman,O. Spellman,0,0,0,,0,,,0,h,SUB: Len FOR Spellman,Substitution,,0,0,51
0021800928,67,PT06M03.00S,1,1610612737,ATL,203473,Dedmon,D. Dedmon,0,0,0,,0,,,0,h,SUB: Carter FOR Dedmon,Substitution,,0,0,52
0021800928,68,PT06M03.00S,1,1610612741,CHI,1627739,Dunn,K. Dunn,0,0,0,,0,,,0,v,SUB: Arcidiacono FOR Dunn,Substitution,,0,0,53
0021800928,72,PT06M03.00S,1,1610612737,ATL,1629027,Young,T. Young,0,0,0,,0,,,0,h,MISS Young Free Throw 1 of 2,Free Throw,Free Throw 1 of 2,0,0,54
0021800928,73,PT06M03.00S,1,0,,1610612737,,,0,0,0,,0,,,0,h,HAWKS Rebound,Rebound,Normal Rebound,0,0,55
0021800928,74,PT06M03.00S,1,1610612737,ATL,1629027,Young,T. Young,0,0,0,,0,16,13,29,h,Young Free Throw 2 of 2 (1 PTS),Free Throw,Free Throw 2 of 2,0,0,56
0021800928,75,PT05M50.00S,1,1610612741,CHI,1628374,Markkanen,L. Markkanen,4,8,1,Made,1,16,15,31,v,Markkanen 1' Cutting Dunk Shot (2 PTS) (LaVine 1 AST),Made Shot,Cutting Dunk Shot,1,2,57
0021800928,77,PT05M29.00S,1,1610612737,ATL,1629027,Young,T. Young,-6,16,2,Missed,1,,,0,h,MISS Young 2' Driving Layup,Missed Shot,Driving Layup Shot,1,2,58
0021800928,77,PT05M29.00S,1,1610612741,CHI,201577,Lopez,R. Lopez,0,0,0,,0,,,0,v,Lopez BLOCK (2 BLK),,,1,2,59
0021800928,79,PT05M25.00S,1,1610612741,CHI,203490,Porter Jr.,O. Porter Jr.,0,0,0,,0,,,0,v,Porter Jr. REBOUND (Off:0 Def:2),Rebound,Unknown,1,0,60
0021800928,80,PT05M12.00S,1,1610612741,CHI,203897,LaVine,Z. LaVine,232,101,25,Made,1,16,18,34,v,LaVine 25' 3PT Pullup Jump Shot (8 PTS),Made Shot,Pullup Jump shot,1,3,61
0021800928,81,PT04M55.00S,1,1610612737,ATL,203145,Bazemore,K. Bazemore,45,120,13,Missed,1,,,0,h,MISS Bazemore 13' Pullup Jump Shot,Missed Shot,Pullup Jump shot,1,2,62
0021800928,82,PT04M50.00S,1,1610612741,CHI,201577,Lopez,R. Lopez,0,0,0,,0,,,0,v,Lopez REBOUND (Off:1 Def:3),Rebound,Unknown,1,0,63
0021800928,83,PT04M43.00S,1,1610612741,CHI,203897,LaVine,Z. LaVine,-25,256,26,Made,1,16,21,37,v,LaVine 26' 3PT Jump Shot (11 PTS) (Lopez 1 AST),Made Shot,Jump Shot,1,3,64
0021800928,85,PT04M26.00S,1,1610612737,ATL,1713,Carter,V. Carter,65,241,25,Missed,1,,,0,h,MISS Carter 25' 3PT Pullup Jump Shot,Missed Shot,Pullup Jump shot,1,3,65
0021800928,86,PT04M24.00S,1,1610612741,CHI,1628374,Markkanen,L. Markkanen,0,0,0,,0,,,0,v,Markkanen REBOUND (Off:0 Def:1),Rebound,Unknown,1,0,66
0021800928,87,PT04M14.00S,1,1610612737,ATL,1627752,Prince,T. Prince,0,0,0,,0,,,0,h,Prince S.FOUL (P1.T1) (G.Petraitis),Foul,Shooting,1,0,67
0021800928,89,PT04M14.00S,1,1610612741,CHI,203897,LaVine,Z. LaVine,0,0,0,,0,,,0,v,MISS LaVine Free Throw 1 of 2,Free Throw,Free Throw 1 of 2,0,0,68
0021800928,90,PT04M14.00S,1,0,,1610612741,,,0,0,0,,0,,,0,v,Bulls Rebound,Rebound,Normal Rebound,0,0,69
0021800928,91,PT04M14.00S,1,1610612737,ATL,1629027,Young,T. Young,0,0,0,,0,,,0,h,SUB: Adams FOR Young,Substitution,,0,0,70
0021800928,92,PT04M14.00S,1,1610612737,ATL,1627752,Prince,T. Prince,0,0,0,,0,,,0,h,SUB: Bembry FOR Prince,Substitution,,0,0,71
0021800928,93,PT04M14.00S,1,1610612741,CHI,1628374,Markkanen,L. Markkanen,0,0,0,,0,,,0,v,SUB: Selden FOR Markkanen,Substitution,,0,0,72
0021800928,97,PT04M14.00S,1,1610612741,CHI,203897,LaVine,Z. LaVine,0,0,0,,0,16,22,38,v,LaVine Free Throw 2 of 2 (12 PTS),Free Throw,Free Throw 2 of 2,0,0,73
0021800928,98,PT04M07.00S,1,1610612737,ATL,1713,Carter,V. Carter,67,245,25,Made,1,19,22,41,h,Carter 25' 3PT Pullup Jump Shot (3 PTS),Made Shot,Pullup Jump shot,1,3,74
0021800928,99,PT03M49.00S,1,1610612741,CHI,203897,LaVine,Z. LaVine,21,257,26,Missed,1,,,0,v,MISS LaVine 26' 3PT Pullup Jump Shot,Missed Shot,Pullup Jump shot,1,3,75
0021800928,100,PT03M46.00S,1,1610612737,ATL,1629121,Adams,J. Adams,0,0,0,,0,,,0,h,Adams REBOUND (Off:0 Def:1),Rebound,Unknown,1,0,76
0021800928,101,PT03M42.00S,1,1610612737,ATL,1713,Carter,V. Carter,-2,274,27,Missed,1,,,0,h,MISS Carter 27' 3PT Jump Shot,Missed Shot,Jump Shot,1,3,77
0021800928,102,PT03M39.00S,1,1610612741,CHI,203490,Porter Jr.,O. Porter Jr.,0,0,0,,0,,,0,v,Porter Jr. REBOUND (Off:0 Def:3),Rebound,Unknown,1,0,78
0021800928,103,PT03M36.00S,1,1610612741,CHI,203490,Porter Jr.,O. Porter Jr.,2,13,1,Made,1,19,24,43,v,Porter Jr. 1' Driving Layup (5 PTS),Made Shot,Driving Layup Shot,1,2,79
0021800928,104,PT03M36.00S,1,1610612737,ATL,1627761,Bembry,D. Bembry,0,0,0,,0,,,0,h,Bembry S.FOUL (P1.T2) (J.Goble),Foul,Shooting,1,0,80
0021800928,106,PT03M36.00S,1,1610612741,CHI,203490,Porter Jr.,O. Porter Jr.,0,0,0,,0,19,25,44,v,Porter Jr. Free Throw 1 of 1 (6 PTS),Free Throw,Free Throw 1 of 1,0,0,81
0021800928,107,PT03M24.00S,1,1610612737,ATL,1713,Carter,V. Carter,90,30,9,Made,1,21,25,46,h,Carter 9' Fadeaway Jumper (5 PTS),Made Shot,Fadeaway Jump Shot,1,2,82
0021800928,108,PT03M08.00S,1,1610612737,ATL,1629121,Adams,J. Adams,0,0,0,,0,,,0,h,Adams P.FOUL (P1.T3) (J.Goble),Foul,Personal,1,0,83
0021800928,110,PT03M05.00S,1,1610612737,ATL,203145,Bazemore,K. Bazemore,0,0,0,,0,,,0,h,Bazemore S.FOUL (P1.T4) (Z.Zarba),Foul,Shooting,1,0,84
0021800928,112,PT03M05.00S,1,1610612741,CHI,203897,LaVine,Z. LaVine,0,0,0,,0,,,0,v,MISS LaVine Free Throw 1 of 2,Free Throw,Free Throw 1 of 2,0,0,85
0021800928,113,PT03M05.00S,1,0,,1610612741,,,0,0,0,,0,,,0,v,Bulls Rebound,Rebound,Normal Rebound,0,0,86
0021800928,114,PT03M05.00S,1,1610612741,CHI,203897,LaVine,Z. LaVine,0,0,0,,0,21,26,47,v,LaVine Free Throw 2 of 2 (13 PTS),Free Throw,Free Throw 2 of 2,0,0,87
0021800928,115,PT02M57.00S,1,1610612741,CHI,1627782,Selden,W. Selden,0,0,0,,0,,,0,v,Selden P.FOUL (P1.T4) (J.Goble),Foul,Personal,1,0,88
0021800928,117,PT02M57.00S,1,0,,1610612741,,,0,0,0,,0,,,0,v,Bulls Timeout: Regular (Reg.1 Short 0),Timeout,Regular,0,0,89
0021800928,118,PT02M57.00S,1,0,,0,,,0,0,0,,0,21,26,47,,Instant Replay1st Period (7:59 PM EST),Instant Replay,Support Ruling,0,0,90
0021800928,119,PT02M53.00S,1,1610612737,ATL,1713,Carter,V. Carter,0,0,0,,0,,,0,h,Carter Bad Pass Turnover (P1.T3),Turnover,Bad Pass,1,0,91
0021800928,119,PT02M53.00S,1,1610612741,CHI,201577,Lopez,R. Lopez,0,0,0,,0,,,0,v,Lopez STEAL (1 STL),,,1,0,92
0021800928,121,PT02M31.00S,1,1610612741,CHI,203490,Porter Jr.,O. Porter Jr.,0,0,0,,0,,,0,v,Porter Jr. Bad Pass Turnover (P1.T1),Turnover,Bad Pass,1,0,93
0021800928,121,PT02M31.00S,1,1610612737,ATL,203145,Bazemore,K. Bazemore,0,0,0,,0,,,0,h,Bazemore STEAL (1 STL),,,1,0,94
0021800928,123,PT02M27.00S,1,1610612737,ATL,1627761,Bembry,D. Bembry,-37,30,5,Made,1,23,26,49,h,Bembry 5' Pullup Jump Shot (2 PTS),Made Shot,Pullup Jump shot,1,2,95
0021800928,124,PT02M13.00S,1,1610612741,CHI,203490,Porter Jr.,O. Porter Jr.,-3,116,12,Missed,1,,,0,v,MISS Porter Jr. 12' Driving Floating Jump Shot,Missed Shot,Driving Floating Jump Shot,1,2,96
0021800928,125,PT02M09.00S,1,1610612737,ATL,1713,Carter,V. Carter,0,0,0,,0,,,0,h,Carter REBOUND (Off:0 Def:1),Rebound,Unknown,1,0,97
0021800928,126,PT02M01.00S,1,1610612737,ATL,1627761,Bembry,D. Bembry,6,31,3,Made,1,25,26,51,h,Bembry 3' Driving Layup (4 PTS),Made Shot,Driving Layup Shot,1,2,98
0021800928,127,PT01M40.00S,1,1610612741,CHI,1627782,Selden,W. Selden,-226,12,0,Missed,1,,,0,v,MISS Selden 3PT Jump Shot,Missed Shot,Jump Shot,1,3,99
0021800928,128,PT01M37.00S,1,1610612737,ATL,203458,Len,A. Len,0,0,0,,0,,,0,h,Len REBOUND (Off:0 Def:1),Rebound,Unknown,1,0,100
0021800928,129,PT01M32.00S,1,1610612737,ATL,1629121,Adams,J. Adams,-73,241,25,Missed,1,,,0,h,MISS Adams 25' 3PT Pullup Jump Shot,Missed Shot,Pullup Jump shot,1,3,101
0021800928,130,PT01M29.00S,1,1610612741,CHI,201577,Lopez,R. Lopez,0,0,0,,0,,,0,v,Lopez REBOUND (Off:1 Def:4),Rebound,Unknown,1,0,102
0021800928,131,PT01M20.00S,1,1610612741,CHI,203897,LaVine,Z. LaVine,-3,16,2,Missed,1,,,0,v,MISS LaVine 2' Driving Layup,Missed Shot,Driving Layup Shot,1,2,103
0021800928,132,PT01M18.00S,1,1610612737,ATL,203458,Len,A. Len,0,0,0,,0,,,0,h,Len REBOUND (Off:0 Def:2),Rebound,Unknown,1,0,104
0021800928,133,PT01M07.00S,1,1610612737,ATL,203458,Len,A. Len,-228,19,0,Made,1,28,26,54,h,Len 3PT Jump Shot (3 PTS) (Bembry 1 AST),Made Shot,Jump Shot,1,3,105
0021800928,135,PT01M06.00S,1,0,,1610612741,,,0,0,0,,0,,,0,v,Bulls Timeout: Regular (Reg.2 Short 0),Timeout,Regular,0,0,106
0021800928,136,PT01M06.00S,1,1610612737,ATL,203145,Bazemore,K. Bazemore,0,0,0,,0,,,0,h,SUB: Anderson FOR Bazemore,Substitution,,0,0,107
0021800928,137,PT01M06.00S,1,1610612741,CHI,203490,Porter Jr.,O. Porter Jr.,0,0,0,,0,,,0,v,SUB: Felicio FOR Porter Jr.,Substitution,,0,0,108
0021800928,138,PT01M06.00S,1,1610612741,CHI,201577,Lopez,R. Lopez,0,0,0,,0,,,0,v,SUB: Luwawu-Cabarrot FOR Lopez,Substitution,,0,0,109
0021800928,142,PT00M52.10S,1,1610612741,CHI,203897,LaVine,Z. LaVine,0,0,0,,0,,,0,v,LaVine Bad Pass Turnover (P1.T2),Turnover,Bad Pass,1,0,110
0021800928,142,PT00M52.10S,1,1610612737,ATL,1713,Carter,V. Carter,0,0,0,,0,,,0,h,Carter STEAL (1 STL),,,1,0,111
0021800928,144,PT00M47.00S,1,1610612737,ATL,1629121,Adams,J. Adams,71,242,25,Made,1,31,26,57,h,Adams 25' 3PT Jump Shot (3 PTS),Made Shot,Jump Shot,1,3,112
0021800928,145,PT00M31.00S,1,1610612741,CHI,1627782,Selden,W. Selden,-74,242,25,Missed,1,,,0,v,MISS Selden 25' 3PT Pullup Jump Shot,Missed Shot,Pullup Jump shot,1,3,113
0021800928,146,PT00M28.40S,1,1610612737,ATL,203458,Len,A. Len,0,0,0,,0,,,0,h,Len REBOUND (Off:0 Def:3),Rebound,Unknown,1,0,114
0021800928,147,PT00M07.70S,1,1610612737,ATL,203458,Len,A. Len,2,11,1,Made,1,33,26,59,h,Len 1' Dunk (5 PTS),Made Shot,Dunk Shot,1,2,115
0021800928,148,PT00M02.00S,1,1610612741,CHI,203897,LaVine,Z. LaVine,147,214,26,Missed,1,,,0,v,MISS LaVine 26' 3PT Pullup Jump Shot,Missed Shot,Pullup Jump shot,1,3,116
0021800928,149,PT00M02.00S,1,1610612737,ATL,1629121,Adams,J. Adams,0,0,0,,0,,,0,h,Adams REBOUND (Off:0 Def:2),Rebound,Unknown,1,0,117
0021800928,150,PT00M00.00S,1,0,,0,,,0,0,0,,0,33,26,59,,End of 1st Period (8:06 PM EST),period,end,1,0,118
0021800928,165,PT12M00.00S,2,0,,0,,,0,0,0,,0,33,26,59,,Start of 2nd Period (8:09 PM EST),period,start,0,0,119
0021800928,166,PT11M44.00S,2,1610612737,ATL,1629016,Spellman,O. Spellman,232,35,0,Missed,1,,,0,h,MISS Spellman 3PT Jump Shot,Missed Shot,Jump Shot,1,3,120
0021800928,167,PT11M42.00S,2,0,,1610612741,,,0,0,0,,0,,,0,v,Bulls Rebound,Rebound,Unknown,0,0,121
0021800928,169,PT11M35.00S,2,1610612741,CHI,1627739,Dunn,K. Dunn,-72,130,15,Made,1,33,28,61,v,Dunn 15' Pullup Jump Shot (7 PTS),Made Shot,Pullup Jump shot,1,2,122
0021800928,170,PT11M19.00S,2,1610612737,ATL,203473,Dedmon,D. Dedmon,-119,220,25,Missed,1,,,0,h,MISS Dedmon 25' 3PT Jump Shot,Missed Shot,Jump Shot,1,3,123
0021800928,171,PT11M14.00S,2,1610612737,ATL,1629016,Spellman,O. Spellman,0,0,0,,0,,,0,h,Spellman REBOUND (Off:1 Def:2),Rebound,Unknown,1,0,124
0021800928,172,PT11M14.00S,2,1610612737,ATL,1629016,Spellman,O. Spellman,0,-6,1,Missed,1,,,0,h,MISS Spellman 1' Tip Layup Shot,Missed Shot,Tip Layup Shot,1,2,125
0021800928,173,PT11M13.00S,2,1610612741,CHI,1627789,Luwawu-Cabarrot,T. Luwawu-Cabarrot,0,0,0,,0,,,0,v,Luwawu-Cabarrot REBOUND (Off:0 Def:1),Rebound,Unknown,1,0,126
0021800928,174,PT11M11.00S,2,1610612737,ATL,1626147,Anderson,J. Anderson,0,0,0,,0,,,0,h,Anderson S.FOUL (P1.T1) (Z.Zarba),Foul,Shooting,1,0,127
0021800928,176,PT11M11.00S,2,1610612741,CHI,1627885,Harrison,S. Harrison,0,0,0,,0,33,29,62,v,Harrison Free Throw 1 of 2 (1 PTS),Free Throw,Free Throw 1 of 2,0,0,128
0021800928,177,PT11M11.00S,2,1610612741,CHI,1627885,Harrison,S. Harrison,0,0,0,,0,,,0,v,MISS Harrison Free Throw 2 of 2,Free Throw,Free Throw 2 of 2,0,0,129
0021800928,178,PT11M10.00S,2,0,,1610612741,,,0,0,0,,0,,,0,v,Bulls Rebound,Rebound,Unknown,0,0,130
0021800928,266,PT10M58.00S,2,1610612741,CHI,1627739,Dunn,K. Dunn,0,0,0,,0,,,0,v,Dunn Bad Pass Turnover (P1.T3),Turnover,Bad Pass,1,0,131
0021800928,266,PT10M58.00S,2,1610612737,ATL,203473,Dedmon,D. Dedmon,0,0,0,,0,,,0,h,Dedmon STEAL (1 STL),,,1,0,132
0021800928,182,PT10M53.00S,2,1610612737,ATL,203473,Dedmon,D. Dedmon,-3,10,1,Made,1,35,29,64,h,Dedmon 1' Alley Oop Dunk (7 PTS) (Young 2 AST),Made Shot,Alley Oop Dunk Shot,1,2,133
0021800928,184,PT10M53.00S,2,1610612741,CHI,1626245,Felicio,C. Felicio,0,0,0,,0,,,0,v,Felicio S.FOUL (P1.T1) (G.Petraitis),Foul,Shooting,1,0,134
0021800928,186,PT10M53.00S,2,1610612737,ATL,203473,Dedmon,D. Dedmon,0,0,0,,0,36,29,65,h,Dedmon Free Throw 1 of 1 (8 PTS),Free Throw,Free Throw 1 of 1,0,0,135
0021800928,187,PT10M37.00S,2,1610612737,ATL,203473,Dedmon,D. Dedmon,0,0,0,,0,,,0,h,Dedmon S.FOUL (P1.T2) (J.Goble),Foul,Shooting,1,0,136
0021800928,189,PT10M37.00S,2,1610612741,CHI,1626245,Felicio,C. Felicio,0,0,0,,0,36,30,66,v,Felicio Free Throw 1 of 2 (1 PTS),Free Throw,Free Throw 1 of 2,0,0,137
0021800928,190,PT10M37.00S,2,1610612741,CHI,1626245,Felicio,C. Felicio,0,0,0,,0,36,31,67,v,Felicio Free Throw 2 of 2 (2 PTS),Free Throw,Free Throw 2 of 2,0,0,138
0021800928,191,PT10M19.00S,2,1610612737,ATL,1626147,Anderson,J. Anderson,0,0,0,,0,,,0,h,Anderson Out of Bounds - Bad Pass Turnover Turnover (P1.T4),Turnover,Out of Bounds - Bad Pass Turnover,1,0,139
0021800928,192,PT10M05.00S,2,1610612741,CHI,1627789,Luwawu-Cabarrot,T. Luwawu-Cabarrot,204,142,25,Missed,1,,,0,v,MISS Luwawu-Cabarrot 25' 3PT Jump Shot,Missed Shot,Jump Shot,1,3,140
0021800928,193,PT10M02.00S,2,1610612737,ATL,1629016,Spellman,O. Spellman,0,0,0,,0,,,0,h,Spellman REBOUND (Off:1 Def:3),Rebound,Unknown,1,0,141
0021800928,194,PT09M46.00S,2,1610612737,ATL,1629027,Young,T. Young,6,337,34,Made,1,39,31,70,h,Young 34' 3PT Jump Shot (4 PTS) (Anderson 1 AST),Made Shot,Jump Shot,1,3,142
0021800928,196,PT09M30.00S,2,1610612741,CHI,1627789,Luwawu-Cabarrot,T. Luwawu-Cabarrot,-5,7,1,Made,1,39,33,72,v,Luwawu-Cabarrot 1' Driving Reverse Layup (2 PTS) (Dunn 3 AST),Made Shot,Driving Reverse Layup Shot,1,2,143
0021800928,198,PT09M18.00S,2,1610612737,ATL,1629027,Young,T. Young,9,50,5,Missed,1,,,0,h,MISS Young 5' Driving Floating Jump Shot,Missed Shot,Driving Floating Jump Shot,1,2,144
0021800928,199,PT09M18.00S,2,1610612741,CHI,1628374,Markkanen,L. Markkanen,0,0,0,,0,,,0,v,Markkanen REBOUND (Off:0 Def:2),Rebound,Unknown,1,0,145
0021800928,200,PT09M11.00S,2,1610612741,CHI,1627739,Dunn,K. Dunn,-198,155,25,Made,1,39,36,75,v,Dunn 25' 3PT Jump Shot (10 PTS) (Markkanen 1 AST),Made Shot,Jump Shot,1,3,146
0021800928,203,PT08M56.00S,2,1610612737,ATL,1626147,Anderson,J. Anderson,0,0,0,,0,,,0,h,SUB: Prince FOR Anderson,Substitution,,0,0,147
0021800928,205,PT08M46.00S,2,1610612737,ATL,1628989,Huerter,K. Huerter,-95,235,25,Missed,1,,,0,h,MISS Huerter 25' 3PT Jump Shot,Missed Shot,Jump Shot,1,3,148
0021800928,206,PT08M41.00S,2,1610612741,CHI,1626245,Felicio,C. Felicio,0,0,0,,0,,,0,v,Felicio REBOUND (Off:0 Def:1),Rebound,Unknown,1,0,149
0021800928,207,PT08M32.00S,2,1610612741,CHI,1628374,Markkanen,L. Markkanen,-105,181,21,Missed,1,,,0,v,MISS Markkanen 21' Pullup Jump Shot,Missed Shot,Pullup Jump shot,1,2,150
0021800928,207,PT08M32.00S,2,1610612737,ATL,203473,Dedmon,D. Dedmon,0,0,0,,0,,,0,h,Dedmon BLOCK (1 BLK),,,1,2,151
0021800928,209,PT08M30.00S,2,1610612737,ATL,1629027,Young,T. Young,0,0,0,,0,,,0,h,Young REBOUND (Off:0 Def:1),Rebound,Unknown,1,0,152
0021800928,210,PT08M28.00S,2,1610612737,ATL,1629027,Young,T. Young,5,13,1,Made,1,41,36,77,h,Young 1' Running Layup (6 PTS),Made Shot,Running Layup Shot,1,2,153
0021800928,211,PT08M14.00S,2,1610612741,CHI,1626245,Felicio,C. Felicio,0,0,0,,0,,,0,v,Felicio OFF.Foul (P2) (J.Goble),Foul,Offensive,1,0,154
0021800928,213,PT08M14.00S,2,1610612741,CHI,1626245,Felicio,C. Felicio,0,0,0,,0,,,0,v,Felicio Offensive Foul Turnover (P1.T4),Turnover,Offensive Foul Turnover,1,0,155
0021800928,214,PT07M53.00S,2,1610612737,ATL,1629027,Young,T. Young,96,262,28,Missed,1,,,0,h,MISS Young 28' 3PT Jump Shot,Missed Shot,Jump Shot,1,3,156
0021800928,215,PT07M48.00S,2,1610612741,CHI,1628374,Markkanen,L. Markkanen,0,0,0,,0,,,0,v,Markkanen REBOUND (Off:0 Def:3),Rebound,Unknown,1,0,157
0021800928,216,PT07M38.00S,2,1610612741,CHI,1627885,Harrison,S. Harrison,71,71,10,Made,1,41,38,79,v,Harrison 10' Pullup Jump Shot (3 PTS),Made Shot,Pullup Jump shot,1,2,158
0021800928,217,PT07M38.00S,2,1610612737,ATL,1629016,Spellman,O. Spellman,0,0,0,,0,,,0,h,Spellman S.FOUL (P1.T3) (G.Petraitis),Foul,Shooting,1,0,159
0021800928,219,PT07M38.00S,2,1610612741,CHI,1626245,Felicio,C. Felicio,0,0,0,,0,,,0,v,SUB: Porter Jr. FOR Felicio,Substitution,,0,0,160
0021800928,221,PT07M38.00S,2,1610612741,CHI,1627885,Harrison,S. Harrison,0,0,0,,0,,,0,v,MISS Harrison Free Throw 1 of 1,Free Throw,Free Throw 1 of 1,0,0,161
0021800928,222,PT07M36.00S,2,1610612737,ATL,203473,Dedmon,D. Dedmon,0,0,0,,0,,,0,h,Dedmon REBOUND (Off:0 Def:6),Rebound,Unknown,1,0,162
0021800928,223,PT07M21.00S,2,1610612737,ATL,1627752,Prince,T. Prince,-226,38,0,Missed,1,,,0,h,MISS Prince 3PT Jump Shot,Missed Shot,Jump Shot,1,3,163
0021800928,224,PT07M17.00S,2,1610612741,CHI,1627885,Harrison,S. Harrison,0,0,0,,0,,,0,v,Harrison REBOUND (Off:0 Def:1),Rebound,Unknown,1,0,164
0021800928,225,PT07M15.00S,2,1610612737,ATL,1629027,Young,T. Young,0,0,0,,0,,,0,h,Young S.FOUL (P1.T4) (J.Goble),Foul,Shooting,1,0,165
0021800928,227,PT07M15.00S,2,1610612741,CHI,1627885,Harrison,S. Harrison,0,0,0,,0,41,39,80,v,Harrison Free Throw 1 of 2 (4 PTS),Free Throw,Free Throw 1 of 2,0,0,166
0021800928,228,PT07M15.00S,2,1610612741,CHI,1627885,Harrison,S. Harrison,0,0,0,,0,41,40,81,v,Harrison Free Throw 2 of 2 (5 PTS),Free Throw,Free Throw 2 of 2,0,0,167
0021800928,229,PT06M59.00S,2,1610612737,ATL,1629027,Young,T. Young,0,0,0,,0,,,0,h,Young Bad Pass Turnover (P2.T5),Turnover,Bad Pass,1,0,168
0021800928,229,PT06M59.00S,2,1610612741,CHI,1627789,Luwawu-Cabarrot,T. Luwawu-Cabarrot,0,0,0,,0,,,0,v,Luwawu-Cabarrot STEAL (1 STL),,,1,0,169
0021800928,231,PT06M57.00S,2,1610612741,CHI,1627885,Harrison,S. Harrison,-1,10,1,Made,1,41,42,83,v,Harrison 1' Driving Dunk (7 PTS) (Luwawu-Cabarrot 1 AST),Made Shot,Driving Dunk Shot,1,2,170
0021800928,233,PT06M57.00S,2,0,,1610612737,,,0,0,0,,0,,,0,h,HAWKS Timeout: Regular (Full 2 Short 0),Timeout,Regular,0,0,171
0021800928,234,PT06M45.00S,2,1610612741,CHI,1627885,Harrison,S. Harrison,0,0,0,,0,,,0,v,Harrison P.FOUL (P1.T2) (G.Petraitis),Foul,Personal,1,0,172
0021800928,236,PT06M45.00S,2,1610612741,CHI,1627789,Luwawu-Cabarrot,T. Luwawu-Cabarrot,0,0,0,,0,,,0,v,SUB: LaVine FOR Luwawu-Cabarrot,Substitution,,0,0,173
0021800928,238,PT06M43.00S,2,1610612741,CHI,203490,Porter Jr.,O. Porter Jr.,0,0,0,,0,,,0,v,Porter Jr. P.FOUL (P2.T3) (Z.Zarba),Foul,Personal,1,0,174
0021800928,240,PT06M40.00S,2,1610612741,CHI,1627885,Harrison,S. Harrison,0,0,0,,0,,,0,v,Harrison P.FOUL (P2.T4) (Z.Zarba),Foul,Personal,1,0,175
0021800928,242,PT06M40.00S,2,1610612741,CHI,1627885,Harrison,S. Harrison,0,0,0,,0,,,0,v,SUB: Arcidiacono FOR Harrison,Substitution,,0,0,176
0021800928,244,PT06M28.00S,2,1610612737,ATL,1628989,Huerter,K. Huerter,-68,246,26,Missed,1,,,0,h,MISS Huerter 26' 3PT Jump Shot,Missed Shot,Jump Shot,1,3,177
0021800928,245,PT06M25.00S,2,1610612737,ATL,1628989,Huerter,K. Huerter,0,0,0,,0,,,0,h,Huerter REBOUND (Off:1 Def:1),Rebound,Unknown,1,0,178
0021800928,246,PT06M23.00S,2,1610612737,ATL,1628989,Huerter,K. Huerter,6,11,1,Made,1,43,42,85,h,Huerter 1' Driving Dunk (2 PTS),Made Shot,Driving Dunk Shot,1,2,179
0021800928,247,PT06M06.00S,2,1610612737,ATL,1628989,Huerter,K. Huerter,0,0,0,,0,,,0,h,Huerter P.FOUL (P1.PN) (J.Goble),Foul,Personal,1,0,180
0021800928,249,PT06M06.00S,2,1610612741,CHI,1627739,Dunn,K. Dunn,0,0,0,,0,43,43,86,v,Dunn Free Throw 1 of 2 (11 PTS),Free Throw,Free Throw 1 of 2,0,0,181
0021800928,250,PT06M06.00S,2,1610612737,ATL,1628989,Huerter,K. Huerter,0,0,0,,0,,,0,h,SUB: Bazemore FOR Huerter,Substitution,,0,0,182
0021800928,251,PT06M06.00S,2,1610612741,CHI,1628374,Markkanen,L. Markkanen,0,0,0,,0,,,0,v,SUB: Lopez FOR Markkanen,Substitution,,0,0,183
0021800928,254,PT06M06.00S,2,1610612741,CHI,1627739,Dunn,K. Dunn,0,0,0,,0,,,0,v,MISS Dunn Free Throw 2 of 2,Free Throw,Free Throw 2 of 2,0,0,184
0021800928,255,PT06M04.00S,2,1610612737,ATL,1629016,Spellman,O. Spellman,0,0,0,,0,,,0,h,Spellman REBOUND (Off:1 Def:4),Rebound,Unknown,1,0,185
0021800928,256,PT05M49.00S,2,1610612737,ATL,1629016,Spellman,O. Spellman,225,85,24,Made,1,46,43,89,h,Spellman 24' 3PT Jump Shot (5 PTS) (Bazemore 1 AST),Made Shot,Jump Shot,1,3,186
0021800928,258,PT05M37.00S,2,1610612741,CHI,203490,Porter Jr.,O. Porter Jr.,-137,215,25,Made,1,46,46,92,v,Porter Jr. 25' 3PT Jump Shot (9 PTS) (Arcidiacono 1 AST),Made Shot,Jump Shot,1,3,187
0021800928,260,PT05M20.00S,2,1610612737,ATL,1629016,Spellman,O. Spellman,-2,13,1,Made,1,48,46,94,h,Spellman 1' Cutting Dunk Shot (7 PTS) (Bazemore 2 AST),Made Shot,Cutting Dunk Shot,1,2,188
0021800928,262,PT05M07.00S,2,1610612741,CHI,201577,Lopez,R. Lopez,8,23,2,Missed,1,,,0,v,MISS Lopez 2' Hook Shot,Missed Shot,Hook Shot,1,2,189
0021800928,263,PT05M05.00S,2,1610612737,ATL,1629027,Young,T. Young,0,0,0,,0,,,0,h,Young REBOUND (Off:0 Def:2),Rebound,Unknown,1,0,190
0021800928,264,PT04M57.00S,2,1610612737,ATL,1629027,Young,T. Young,34,38,5,Made,1,50,46,96,h,Young 5' Driving Floating Jump Shot (8 PTS),Made Shot,Driving Floating Jump Shot,1,2,191
0021800928,265,PT04M56.00S,2,0,,1610612741,,,0,0,0,,0,,,0,v,Bulls Timeout: Regular (Reg.3 Short 0),Timeout,Regular,0,0,192
0021800928,268,PT04M56.00S,2,1610612737,ATL,1629016,Spellman,O. Spellman,0,0,0,,0,,,0,h,SUB: Carter FOR Spellman,Substitution,,0,0,193
0021800928,269,PT04M56.00S,2,1610612737,ATL,203473,Dedmon,D. Dedmon,0,0,0,,0,,,0,h,SUB: Len FOR Dedmon,Substitution,,0,0,194
0021800928,270,PT04M56.00S,2,1610612741,CHI,1627739,Dunn,K. Dunn,0,0,0,,0,,,0,v,SUB: Selden FOR Dunn,Substitution,,0,0,195
0021800928,274,PT04M56.00S,2,1610612741,CHI,203490,Porter Jr.,O. Porter Jr.,-98,176,20,Missed,1,,,0,v,MISS Porter Jr. 20' Pullup Jump Shot,Missed Shot,Pullup Jump shot,1,2,196
0021800928,275,PT04M39.00S,2,1610612741,CHI,201577,Lopez,R. Lopez,0,0,0,,0,,,0,v,Lopez REBOUND (Off:2 Def:4),Rebound,Unknown,1,0,197
0021800928,276,PT04M35.00S,2,1610612741,CHI,203490,Porter Jr.,O. Porter Jr.,-120,223,25,Missed,1,,,0,v,MISS Porter Jr. 25' 3PT Jump Shot,Missed Shot,Jump Shot,1,3,198
0021800928,277,PT04M32.00S,2,1610612737,ATL,203145,Bazemore,K. Bazemore,0,0,0,,0,,,0,h,Bazemore REBOUND (Off:0 Def:1),Rebound,Unknown,1,0,199
0021800928,278,PT04M16.00S,2,1610612737,ATL,1713,Carter,V. Carter,-58,34,7,Missed,1,,,0,h,MISS Carter 7' Turnaround Fadeaway Shot,Missed Shot,Turnaround Fadeaway shot,1,2,200
0021800928,279,PT04M14.00S,2,1610612741,CHI,201577,Lopez,R. Lopez,0,0,0,,0,,,0,v,Lopez REBOUND (Off:2 Def:5),Rebound,Unknown,1,0,201
0021800928,280,PT04M02.00S,2,1610612741,CHI,201577,Lopez,R. Lopez,0,0,0,,0,,,0,v,Lopez Lost Ball Turnover (P1.T5),Turnover,Lost Ball,1,0,202
0021800928,280,PT04M02.00S,2,1610612737,ATL,203145,Bazemore,K. Bazemore,0,0,0,,0,,,0,h,Bazemore STEAL (2 STL),,,1,0,203
0021800928,282,PT03M58.00S,2,1610612737,ATL,1629027,Young,T. Young,-105,224,25,Missed,1,,,0,h,MISS Young 25' 3PT Running Pull-Up Jump Shot,Missed Shot,Running Pull-Up Jump Shot,1,3,204
0021800928,283,PT03M56.00S,2,1610612741,CHI,1627853,Arcidiacono,R. Arcidiacono,0,0,0,,0,,,0,v,Arcidiacono REBOUND (Off:0 Def:1),Rebound,Unknown,1,0,205
0021800928,284,PT03M50.00S,2,1610612741,CHI,1627853,Arcidiacono,R. Arcidiacono,0,0,0,,0,,,0,v,Arcidiacono OFF.Foul (P1) (G.Petraitis),Foul,Offensive,1,0,206
0021800928,286,PT03M50.00S,2,1610612741,CHI,1627853,Arcidiacono,R. Arcidiacono,0,0,0,,0,,,0,v,Arcidiacono Offensive Foul Turnover (P1.T6),Turnover,Offensive Foul Turnover,1,0,207
0021800928,287,PT03M37.00S,2,1610612741,CHI,1627853,Arcidiacono,R. Arcidiacono,0,0,0,,0,,,0,v,Arcidiacono P.FOUL (P2.PN) (G.Petraitis),Foul,Personal,1,0,208
0021800928,289,PT03M37.00S,2,1610612737,ATL,1629027,Young,T. Young,0,0,0,,0,51,46,97,h,Young Free Throw 1 of 2 (9 PTS),Free Throw,Free Throw 1 of 2,0,0,209
0021800928,290,PT03M37.00S,2,1610612737,ATL,1627752,Prince,T. Prince,0,0,0,,0,,,0,h,SUB: Bembry FOR Prince,Substitution,,0,0,210
0021800928,292,PT03M37.00S,2,1610612737,ATL,1629027,Young,T. Young,0,0,0,,0,52,46,98,h,Young Free Throw 2 of 2 (10 PTS),Free Throw,Free Throw 2 of 2,0,0,211
0021800928,293,PT03M23.00S,2,1610612741,CHI,203490,Porter Jr.,O. Porter Jr.,114,227,25,Made,1,52,49,101,v,Porter Jr. 25' 3PT Jump Shot (12 PTS) (LaVine 2 AST),Made Shot,Jump Shot,1,3,212
0021800928,295,PT03M08.00S,2,1610612737,ATL,203458,Len,A. Len,-4,14,1,Made,1,54,49,103,h,Len 1' Layup (7 PTS) (Young 3 AST),Made Shot,Layup Shot,1,2,213
0021800928,297,PT02M57.00S,2,1610612741,CHI,1627853,Arcidiacono,R. Arcidiacono,-11,75,8,Made,1,54,51,105,v,Arcidiacono 8' Driving Floating Jump Shot (2 PTS),Made Shot,Driving Floating Jump Shot,1,2,214
0021800928,299,PT02M45.00S,2,1610612741,CHI,201577,Lopez,R. Lopez,0,0,0,,0,,,0,v,SUB: Markkanen FOR Lopez,Substitution,,0,0,215
0021800928,301,PT02M45.00S,2,1610612737,ATL,1629027,Young,T. Young,0,0,0,,0,,,0,h,SUB: Adams FOR Young,Substitution,,0,0,216
0021800928,303,PT02M33.00S,2,1610612737,ATL,1627761,Bembry,D. Bembry,-3,11,1,Made,1,56,51,107,h,Bembry 1' Driving Dunk (6 PTS) (Len 1 AST),Made Shot,Driving Dunk Shot,1,2,217
0021800928,305,PT02M19.00S,2,1610612737,ATL,203145,Bazemore,K. Bazemore,0,0,0,,0,,,0,h,Bazemore S.FOUL (P2.PN) (G.Petraitis),Foul,Shooting,1,0,218
0021800928,307,PT02M19.00S,2,1610612741,CHI,203897,LaVine,Z. LaVine,0,0,0,,0,56,52,108,v,LaVine Free Throw 1 of 2 (14 PTS),Free Throw,Free Throw 1 of 2,0,0,219
0021800928,308,PT02M19.00S,2,1610612741,CHI,203897,LaVine,Z. LaVine,0,0,0,,0,56,53,109,v,LaVine Free Throw 2 of 2 (15 PTS),Free Throw,Free Throw 2 of 2,0,0,220
0021800928,309,PT01M59.00S,2,1610612737,ATL,203145,Bazemore,K. Bazemore,0,0,0,,0,,,0,h,Bazemore Bad Pass Turnover (P1.T6),Turnover,Bad Pass,1,0,221
0021800928,309,PT01M59.00S,2,1610612741,CHI,203897,LaVine,Z. LaVine,0,0,0,,0,,,0,v,LaVine STEAL (1 STL),,,1,0,222
0021800928,311,PT01M53.00S,2,1610612741,CHI,1628374,Markkanen,L. Markkanen,0,0,0,,0,,,0,v,Markkanen Bad Pass Turnover (P1.T7),Turnover,Bad Pass,1,0,223
0021800928,311,PT01M53.00S,2,1610612737,ATL,203458,Len,A. Len,0,0,0,,0,,,0,h,Len STEAL (1 STL),,,1,0,224
0021800928,313,PT01M43.00S,2,1610612737,ATL,203145,Bazemore,K. Bazemore,112,231,26,Made,1,59,53,112,h,Bazemore 26' 3PT Jump Shot (3 PTS) (Adams 1 AST),Made Shot,Jump Shot,1,3,225
0021800928,315,PT01M21.00S,2,1610612741,CHI,203897,LaVine,Z. LaVine,-5,5,1,Made,1,59,55,114,v,LaVine 1' Driving Layup (17 PTS),Made Shot,Driving Layup Shot,1,2,226
0021800928,317,PT01M02.00S,2,1610612741,CHI,1628374,Markkanen,L. Markkanen,0,0,0,,0,,,0,v,Markkanen P.FOUL (P1.PN) (G.Petraitis),Foul,Personal,1,0,227
0021800928,319,PT01M02.00S,2,1610612737,ATL,203458,Len,A. Len,0,0,0,,0,60,55,115,h,Len Free Throw 1 of 2 (8 PTS),Free Throw,Free Throw 1 of 2,0,0,228
0021800928,320,PT01M02.00S,2,1610612737,ATL,203458,Len,A. Len,0,0,0,,0,,,0,h,MISS Len Free Throw 2 of 2,Free Throw,Free Throw 2 of 2,0,0,229
0021800928,321,PT00M59.20S,2,1610612737,ATL,1629121,Adams,J. Adams,0,0,0,,0,,,0,h,Adams REBOUND (Off:1 Def:2),Rebound,Unknown,1,0,230
0021800928,322,PT00M57.40S,2,1610612737,ATL,203145,Bazemore,K. Bazemore,56,252,26,Missed,1,,,0,h,MISS Bazemore 26' 3PT Jump Shot,Missed Shot,Jump Shot,1,3,231
0021800928,323,PT00M54.70S,2,1610612737,ATL,1713,Carter,V. Carter,0,0,0,,0,,,0,h,Carter REBOUND (Off:1 Def:1),Rebound,Unknown,1,0,232
0021800928,324,PT00M43.10S,2,1610612737,ATL,203145,Bazemore,K. Bazemore,121,195,23,Missed,1,,,0,h,MISS Bazemore 23' Pullup Jump Shot,Missed Shot,Pullup Jump shot,1,2,233
0021800928,325,PT00M39.60S,2,1610612741,CHI,1627853,Arcidiacono,R. Arcidiacono,0,0,0,,0,,,0,v,Arcidiacono REBOUND (Off:0 Def:2),Rebound,Unknown,1,0,234
0021800928,326,PT00M31.40S,2,1610612741,CHI,203897,LaVine,Z. LaVine,-8,130,13,Missed,1,,,0,v,MISS LaVine 13' Step Back Jump Shot,Missed Shot,Step Back Jump shot,1,2,235
0021800928,327,PT00M28.70S,2,1610612737,ATL,203458,Len,A. Len,0,0,0,,0,,,0,h,Len REBOUND (Off:0 Def:4),Rebound,Unknown,1,0,236
0021800928,328,PT00M14.00S,2,1610612737,ATL,1629121,Adams,J. Adams,-30,248,25,Missed,1,,,0,h,MISS Adams 25' 3PT Pullup Jump Shot,Missed Shot,Pullup Jump shot,1,3,237
0021800928,329,PT00M11.10S,2,0,,1610612741,,,0,0,0,,0,,,0,v,Bulls Rebound,Rebound,Unknown,0,0,238
0021800928,331,PT00M11.10S,2,1610612737,ATL,203458,Len,A. Len,0,0,0,,0,,,0,h,SUB: Anderson FOR Len,Substitution,,0,0,239
0021800928,333,PT00M00.20S,2,1610612741,CHI,1628374,Markkanen,L. Markkanen,-17,65,7,Missed,1,,,0,v,MISS Markkanen 7' Layup,Missed Shot,Layup Shot,1,2,240
0021800928,334,PT00M00.20S,2,1610612741,CHI,1628374,Markkanen,L. Markkanen,0,0,0,,0,,,0,v,Markkanen REBOUND (Off:1 Def:3),Rebound,Unknown,1,0,241
0021800928,335,PT00M00.00S,2,1610612741,CHI,1628374,Markkanen,L. Markkanen,0,-6,1,Made,1,60,57,117,v,Markkanen 1' Tip Layup Shot (4 PTS),Made Shot,Tip Layup Shot,1,2,242
0021800928,337,PT00M00.00S,2,0,,335,Anderson,W. Anderson,0,0,0,,0,60,57,117,,Instant Replay2nd Period (8:37 PM EST),Instant Replay,Support Ruling,0,0,243
0021800928,336,PT00M00.00S,2,0,,0,,,0,0,0,,0,60,57,117,,End of 2nd Period (8:37 PM EST),period,end,1,0,244
0021800928,352,PT12M00.00S,3,0,,0,,,0,0,0,,0,60,57,117,,Start of 3rd Period (8:52 PM EST),period,start,0,0,245
0021800928,353,PT11M45.00S,3,1610612737,ATL,1628989,Huerter,K. Huerter,-13,41,4,Made,1,62,57,119,h,Huerter 4' Driving Layup (4 PTS) (Dedmon 1 AST),Made Shot,Driving Layup Shot,1,2,246
0021800928,355,PT11M28.00S,3,1610612741,CHI,203490,Porter Jr.,O. Porter Jr.,171,193,26,Made,1,62,60,122,v,Porter Jr. 26' 3PT Jump Shot (15 PTS) (Dunn 4 AST),Made Shot,Jump Shot,1,3,247
0021800928,357,PT11M04.00S,3,1610612737,ATL,1629027,Young,T. Young,-136,217,26,Made,1,65,60,125,h,Young 26' 3PT Pullup Jump Shot (13 PTS) (Prince 2 AST),Made Shot,Pullup Jump shot,1,3,248
0021800928,359,PT10M45.00S,3,1610612741,CHI,203897,LaVine,Z. LaVine,0,0,0,,0,,,0,v,LaVine Bad Pass Turnover (P2.T8),Turnover,Bad Pass,1,0,249
0021800928,359,PT10M45.00S,3,1610612737,ATL,1627752,Prince,T. Prince,0,0,0,,0,,,0,h,Prince STEAL (1 STL),,,1,0,250
0021800928,361,PT10M42.00S,3,1610612737,ATL,1629016,Spellman,O. Spellman,-1,11,1,Made,1,67,60,127,h,Spellman 1' Running Layup (9 PTS) (Prince 3 AST),Made Shot,Running Layup Shot,1,2,251
0021800928,363,PT10M30.00S,3,1610612741,CHI,203490,Porter Jr.,O. Porter Jr.,-35,252,25,Made,1,67,63,130,v,Porter Jr. 25' 3PT Jump Shot (18 PTS) (Dunn 5 AST),Made Shot,Jump Shot,1,3,252
0021800928,365,PT10M13.00S,3,1610612737,ATL,1628989,Huerter,K. Huerter,73,32,8,Made,1,69,63,132,h,Huerter 8' Driving Floating Bank Jump Shot (6 PTS),Made Shot,Driving Floating Bank Jump Shot,1,2,253
0021800928,366,PT09M59.00S,3,1610612741,CHI,203897,LaVine,Z. LaVine,-168,183,25,Missed,1,,,0,v,MISS LaVine 25' 3PT Jump Shot,Missed Shot,Jump Shot,1,3,254
0021800928,367,PT09M56.00S,3,1610612741,CHI,201577,Lopez,R. Lopez,0,0,0,,0,,,0,v,Lopez REBOUND (Off:3 Def:5),Rebound,Unknown,1,0,255
0021800928,368,PT09M54.00S,3,1610612741,CHI,203490,Porter Jr.,O. Porter Jr.,109,226,25,Missed,1,,,0,v,MISS Porter Jr. 25' 3PT Jump Shot,Missed Shot,Jump Shot,1,3,256
0021800928,369,PT09M52.00S,3,1610612741,CHI,203897,LaVine,Z. LaVine,0,0,0,,0,,,0,v,LaVine REBOUND (Off:1 Def:0),Rebound,Unknown,1,0,257
0021800928,370,PT09M50.00S,3,1610612737,ATL,203473,Dedmon,D. Dedmon,0,0,0,,0,,,0,h,Dedmon S.FOUL (P2.T1) (J.Goble),Foul,Shooting,1,0,258
0021800928,372,PT09M50.00S,3,1610612741,CHI,1628374,Markkanen,L. Markkanen,0,0,0,,0,69,64,133,v,Markkanen Free Throw 1 of 2 (5 PTS),Free Throw,Free Throw 1 of 2,0,0,259
0021800928,373,PT09M50.00S,3,1610612741,CHI,1628374,Markkanen,L. Markkanen,0,0,0,,0,69,65,134,v,Markkanen Free Throw 2 of 2 (6 PTS),Free Throw,Free Throw 2 of 2,0,0,260
0021800928,374,PT09M49.00S,3,1610612741,CHI,1627739,Dunn,K. Dunn,0,0,0,,0,,,0,v,Dunn P.FOUL (P3.T1) (Z.Zarba),Foul,Personal,1,0,261
0021800928,376,PT09M36.00S,3,1610612737,ATL,1628989,Huerter,K. Huerter,-6,159,16,Missed,1,,,0,h,MISS Huerter 16' Pullup Jump Shot,Missed Shot,Pullup Jump shot,1,2,262
0021800928,377,PT09M33.00S,3,1610612741,CHI,1628374,Markkanen,L. Markkanen,0,0,0,,0,,,0,v,Markkanen REBOUND (Off:1 Def:4),Rebound,Unknown,1,0,263
0021800928,378,PT09M20.00S,3,1610612737,ATL,1627752,Prince,T. Prince,0,0,0,,0,,,0,h,Prince S.FOUL (P2.T2) (Z.Zarba),Foul,Shooting,1,0,264
0021800928,380,PT09M20.00S,3,1610612741,CHI,201577,Lopez,R. Lopez,0,0,0,,0,69,66,135,v,Lopez Free Throw 1 of 2 (1 PTS),Free Throw,Free Throw 1 of 2,0,0,265
0021800928,381,PT09M20.00S,3,1610612741,CHI,201577,Lopez,R. Lopez,0,0,0,,0,,,0,v,MISS Lopez Free Throw 2 of 2,Free Throw,Free Throw 2 of 2,0,0,266
0021800928,382,PT09M18.00S,3,1610612737,ATL,203473,Dedmon,D. Dedmon,0,0,0,,0,,,0,h,Dedmon REBOUND (Off:0 Def:7),Rebound,Unknown,1,0,267
0021800928,383,PT09M03.00S,3,1610612737,ATL,203473,Dedmon,D. Dedmon,0,0,0,,0,,,0,h,Dedmon OFF.Foul (P3) (Z.Zarba),Foul,Offensive,1,0,268
0021800928,385,PT09M03.00S,3,1610612737,ATL,203473,Dedmon,D. Dedmon,0,0,0,,0,,,0,h,Dedmon Offensive Foul Turnover (P1.T7),Turnover,Offensive Foul Turnover,1,0,269
0021800928,386,PT08M54.00S,3,1610612737,ATL,1627752,Prince,T. Prince,0,0,0,,0,,,0,h,Prince P.FOUL (P3.T3) (J.Goble),Foul,Personal,1,0,270
0021800928,388,PT08M50.00S,3,1610612741,CHI,1628374,Markkanen,L. Markkanen,1,8,1,Made,1,69,68,137,v,Markkanen 1' Layup (8 PTS) (Porter Jr. 1 AST),Made Shot,Layup Shot,1,2,271
0021800928,390,PT08M50.00S,3,1610612737,ATL,1627752,Prince,T. Prince,0,0,0,,0,,,0,h,Prince S.FOUL (P4.T4) (G.Petraitis),Foul,Shooting,1,0,272
0021800928,392,PT08M50.00S,3,1610612741,CHI,1628374,Markkanen,L. Markkanen,0,0,0,,0,69,69,138,v,Markkanen Free Throw 1 of 1 (9 PTS),Free Throw,Free Throw 1 of 1,0,0,273
0021800928,393,PT08M40.00S,3,1610612737,ATL,203473,Dedmon,D. Dedmon,-19,253,25,Missed,1,,,0,h,MISS Dedmon 25' 3PT Jump Shot,Missed Shot,Jump Shot,1,3,274
0021800928,394,PT08M36.00S,3,1610612741,CHI,203897,LaVine,Z. LaVine,0,0,0,,0,,,0,v,LaVine REBOUND (Off:1 Def:1),Rebound,Unknown,1,0,275
0021800928,395,PT08M19.00S,3,1610612741,CHI,203897,LaVine,Z. LaVine,-5,11,1,Made,1,69,71,140,v,LaVine 1' Driving Reverse Layup (19 PTS),Made Shot,Driving Reverse Layup Shot,1,2,276
0021800928,396,PT08M01.00S,3,1610612737,ATL,1629016,Spellman,O. Spellman,227,62,24,Missed,1,,,0,h,MISS Spellman 24' 3PT Jump Shot,Missed Shot,Jump Shot,1,3,277
0021800928,397,PT07M58.00S,3,1610612741,CHI,203490,Porter Jr.,O. Porter Jr.,0,0,0,,0,,,0,v,Porter Jr. REBOUND (Off:0 Def:4),Rebound,Unknown,1,0,278
0021800928,398,PT07M55.00S,3,1610612741,CHI,203897,LaVine,Z. LaVine,0,9,1,Made,1,69,73,142,v,LaVine 1' Running Layup (21 PTS) (Porter Jr. 2 AST),Made Shot,Running Layup Shot,1,2,279
0021800928,400,PT07M38.00S,3,1610612737,ATL,1629027,Young,T. Young,-11,64,6,Missed,1,,,0,h,MISS Young 6' Driving Layup,Missed Shot,Driving Layup Shot,1,2,280
0021800928,401,PT07M35.00S,3,1610612741,CHI,1628374,Markkanen,L. Markkanen,0,0,0,,0,,,0,v,Markkanen REBOUND (Off:1 Def:5),Rebound,Unknown,1,0,281
0021800928,402,PT07M31.00S,3,1610612741,CHI,1628374,Markkanen,L. Markkanen,-40,84,9,Missed,1,,,0,v,MISS Markkanen 9' Jump Shot,Missed Shot,Jump Shot,1,2,282
0021800928,402,PT07M31.00S,3,1610612737,ATL,203473,Dedmon,D. Dedmon,0,0,0,,0,,,0,h,Dedmon BLOCK (2 BLK),,,1,2,283
0021800928,404,PT07M27.00S,3,1610612737,ATL,1627752,Prince,T. Prince,0,0,0,,0,,,0,h,Prince REBOUND (Off:0 Def:1),Rebound,Unknown,1,0,284
0021800928,405,PT07M26.00S,3,1610612737,ATL,1629027,Young,T. Young,-214,120,25,Made,1,72,73,145,h,Young 25' 3PT Jump Shot (16 PTS) (Prince 4 AST),Made Shot,Jump Shot,1,3,285
0021800928,407,PT07M25.00S,3,0,,1610612741,,,0,0,0,,0,,,0,v,Bulls Timeout: Regular (Reg.4 Short 0),Timeout,Regular,0,0,286
0021800928,408,PT07M25.00S,3,1610612737,ATL,1627752,Prince,T. Prince,0,0,0,,0,,,0,h,SUB: Carter FOR Prince,Substitution,,0,0,287
0021800928,409,PT07M25.00S,3,1610612737,ATL,1629016,Spellman,O. Spellman,0,0,0,,0,,,0,h,SUB: Bazemore FOR Spellman,Substitution,,0,0,288
0021800928,412,PT07M02.00S,3,1610612737,ATL,203473,Dedmon,D. Dedmon,0,0,0,,0,,,0,h,Dedmon S.FOUL (P4.PN) (Z.Zarba),Foul,Shooting,1,0,289
0021800928,414,PT07M02.00S,3,1610612741,CHI,1628374,Markkanen,L. Markkanen,0,0,0,,0,72,74,146,v,Markkanen Free Throw 1 of 2 (10 PTS),Free Throw,Free Throw 1 of 2,0,0,290
0021800928,415,PT07M02.00S,3,1610612741,CHI,1628374,Markkanen,L. Markkanen,0,0,0,,0,,,0,v,MISS Markkanen Free Throw 2 of 2,Free Throw,Free Throw 2 of 2,0,0,291
0021800928,416,PT07M00.00S,3,1610612737,ATL,203473,Dedmon,D. Dedmon,0,0,0,,0,,,0,h,Dedmon REBOUND (Off:0 Def:8),Rebound,Unknown,1,0,292
0021800928,417,PT06M51.00S,3,1610612737,ATL,1713,Carter,V. Carter,131,211,25,Made,1,75,74,149,h,Carter 25' 3PT Pullup Jump Shot (8 PTS),Made Shot,Pullup Jump shot,1,3,293
0021800928,418,PT06M36.00S,3,1610612741,CHI,1627739,Dunn,K. Dunn,-155,192,25,Made,1,75,77,152,v,Dunn 25' 3PT Jump Shot (14 PTS) (LaVine 3 AST),Made Shot,Jump Shot,1,3,294
0021800928,420,PT06M10.00S,3,1610612737,ATL,1628989,Huerter,K. Huerter,225,36,0,Made,1,78,77,155,h,Huerter 3PT Jump Shot (9 PTS) (Young 4 AST),Made Shot,Jump Shot,1,3,295
0021800928,422,PT05M59.00S,3,1610612741,CHI,1628374,Markkanen,L. Markkanen,-232,17,0,Made,1,78,80,158,v,Markkanen 3PT Jump Shot (13 PTS) (Porter Jr. 3 AST),Made Shot,Jump Shot,1,3,296
0021800928,424,PT05M38.00S,3,1610612737,ATL,203473,Dedmon,D. Dedmon,3,11,1,Made,1,80,80,160,h,Dedmon 1' Alley Oop Layup (10 PTS) (Carter 1 AST),Made Shot,Alley Oop Layup shot,1,2,297
0021800928,426,PT05M25.00S,3,1610612741,CHI,1628374,Markkanen,L. Markkanen,-4,6,1,Made,1,80,82,162,v,Markkanen 1' Cutting Dunk Shot (15 PTS) (LaVine 4 AST),Made Shot,Cutting Dunk Shot,1,2,298
0021800928,428,PT05M06.00S,3,1610612737,ATL,203473,Dedmon,D. Dedmon,-58,173,18,Made,1,82,82,164,h,Dedmon 18' Jump Shot (12 PTS) (Young 5 AST),Made Shot,Jump Shot,1,2,299
0021800928,430,PT04M53.00S,3,1610612741,CHI,203490,Porter Jr.,O. Porter Jr.,0,0,0,,0,,,0,v,Porter Jr. OFF.Foul (P3) (J.Goble),Foul,Offensive,1,0,300
0021800928,432,PT04M53.00S,3,1610612741,CHI,203490,Porter Jr.,O. Porter Jr.,0,0,0,,0,,,0,v,Porter Jr. Offensive Foul Turnover (P2.T9),Turnover,Offensive Foul Turnover,1,0,301
0021800928,433,PT04M53.00S,3,1610612737,ATL,1628989,Huerter,K. Huerter,0,0,0,,0,,,0,h,SUB: Adams FOR Huerter,Substitution,,0,0,302
0021800928,434,PT04M53.00S,3,1610612737,ATL,1629027,Young,T. Young,0,0,0,,0,,,0,h,SUB: Len FOR Young,Substitution,,0,0,303
0021800928,435,PT04M53.00S,3,1610612737,ATL,203473,Dedmon,D. Dedmon,0,0,0,,0,,,0,h,SUB: Bembry FOR Dedmon,Substitution,,0,0,304
0021800928,436,PT04M53.00S,3,1610612741,CHI,1627739,Dunn,K. Dunn,0,0,0,,0,,,0,v,SUB: Arcidiacono FOR Dunn,Substitution,,0,0,305
0021800928,441,PT04M43.00S,3,1610612737,ATL,203458,Len,A. Len,-73,237,25,Missed,1,,,0,h,MISS Len 25' 3PT Jump Shot,Missed Shot,Jump Shot,1,3,306
0021800928,442,PT04M40.00S,3,1610612741,CHI,203490,Porter Jr.,O. Porter Jr.,0,0,0,,0,,,0,v,Porter Jr. REBOUND (Off:0 Def:5),Rebound,Unknown,1,0,307
0021800928,443,PT04M32.00S,3,1610612741,CHI,1628374,Markkanen,L. Markkanen,-178,172,25,Missed,1,,,0,v,MISS Markkanen 25' 3PT Jump Shot,Missed Shot,Jump Shot,1,3,308
0021800928,444,PT04M29.00S,3,1610612737,ATL,1627761,Bembry,D. Bembry,0,0,0,,0,,,0,h,Bembry REBOUND (Off:0 Def:1),Rebound,Unknown,1,0,309
0021800928,445,PT04M29.00S,3,1610612737,ATL,1627761,Bembry,D. Bembry,0,0,0,,0,,,0,h,Bembry Out of Bounds Lost Ball Turnover (P1.T8),Turnover,Out of Bounds Lost Ball Turnover,1,0,310
0021800928,446,PT04M25.00S,3,1610612741,CHI,203897,LaVine,Z. LaVine,-134,219,26,Missed,1,,,0,v,MISS LaVine 26' 3PT Jump Shot,Missed Shot,Jump Shot,1,3,311
0021800928,447,PT04M22.00S,3,1610612737,ATL,203458,Len,A. Len,0,0,0,,0,,,0,h,Len REBOUND (Off:0 Def:5),Rebound,Unknown,1,0,312
0021800928,448,PT04M16.00S,3,1610612737,ATL,1627761,Bembry,D. Bembry,-22,110,11,Missed,1,,,0,h,MISS Bembry 11' Driving Floating Jump Shot,Missed Shot,Driving Floating Jump Shot,1,2,313
0021800928,449,PT04M13.00S,3,1610612741,CHI,1628374,Markkanen,L. Markkanen,0,0,0,,0,,,0,v,Markkanen REBOUND (Off:1 Def:6),Rebound,Unknown,1,0,314
0021800928,450,PT03M54.00S,3,1610612741,CHI,203897,LaVine,Z. LaVine,11,10,1,Made,1,82,84,166,v,LaVine 1' Driving Layup (23 PTS),Made Shot,Driving Layup Shot,1,2,315
0021800928,464,PT03M54.00S,3,1610612737,ATL,203145,Bazemore,K. Bazemore,0,0,0,,0,,,0,h,Defensive Goaltending,Violation,Defensive Goaltending,1,0,316
0021800928,451,PT03M54.00S,3,1610612737,ATL,1713,Carter,V. Carter,0,0,0,,0,,,0,h,Carter S.FOUL (P1.PN) (G.Petraitis),Foul,Shooting,1,0,317
0021800928,453,PT03M54.00S,3,1610612741,CHI,1628374,Markkanen,L. Markkanen,0,0,0,,0,,,0,v,SUB: Selden FOR Markkanen,Substitution,,0,0,318
0021800928,455,PT03M54.00S,3,1610612741,CHI,203897,LaVine,Z. LaVine,0,0,0,,0,82,85,167,v,LaVine Free Throw 1 of 1 (24 PTS),Free Throw,Free Throw 1 of 1,0,0,319
0021800928,457,PT03M40.00S,3,1610612737,ATL,203145,Bazemore,K. Bazemore,0,0,0,,0,,,0,h,Bazemore Bad Pass Turnover (P2.T9),Turnover,Bad Pass,1,0,320
0021800928,457,PT03M40.00S,3,1610612741,CHI,203490,Porter Jr.,O. Porter Jr.,0,0,0,,0,,,0,v,Porter Jr. STEAL (1 STL),,,1,0,321
0021800928,459,PT03M34.00S,3,1610612741,CHI,203490,Porter Jr.,O. Porter Jr.,-5,172,17,Missed,1,,,0,v,MISS Porter Jr. 17' Pullup Jump Shot,Missed Shot,Pullup Jump shot,1,2,322
0021800928,460,PT03M31.00S,3,1610612741,CHI,201577,Lopez,R. Lopez,0,0,0,,0,,,0,v,Lopez REBOUND (Off:4 Def:5),Rebound,Unknown,1,0,323
0021800928,461,PT03M23.00S,3,1610612741,CHI,1627853,Arcidiacono,R. Arcidiacono,226,72,24,Made,1,82,88,170,v,Arcidiacono 24' 3PT Jump Shot (5 PTS) (Selden 1 AST),Made Shot,Jump Shot,1,3,324
0021800928,463,PT03M21.00S,3,0,,1610612737,,,0,0,0,,0,,,0,h,HAWKS Timeout: Regular (Full 3 Short 0),Timeout,Regular,0,0,325
0021800928,466,PT02M59.00S,3,1610612737,ATL,203458,Len,A. Len,0,16,2,Missed,1,,,0,h,MISS Len 2' Layup,Missed Shot,Layup Shot,1,2,326
0021800928,466,PT02M59.00S,3,1610612741,CHI,201577,Lopez,R. Lopez,0,0,0,,0,,,0,v,Lopez BLOCK (3 BLK),,,1,2,327
0021800928,468,PT02M56.00S,3,1610612741,CHI,203490,Porter Jr.,O. Porter Jr.,0,0,0,,0,,,0,v,Porter Jr. REBOUND (Off:0 Def:6),Rebound,Unknown,1,0,328
0021800928,469,PT02M51.00S,3,1610612741,CHI,203897,LaVine,Z. LaVine,-4,9,1,Missed,1,,,0,v,MISS LaVine 1' Layup,Missed Shot,Layup Shot,1,2,329
0021800928,470,PT02M50.00S,3,0,,1610612737,,,0,0,0,,0,,,0,h,HAWKS Rebound,Rebound,Unknown,0,0,330
0021800928,472,PT02M45.00S,3,1610612737,ATL,1627761,Bembry,D. Bembry,-2,7,1,Made,1,84,88,172,h,Bembry 1' Alley Oop Dunk (8 PTS) (Adams 2 AST),Made Shot,Alley Oop Dunk Shot,1,2,331
0021800928,474,PT02M22.00S,3,1610612741,CHI,201577,Lopez,R. Lopez,-4,57,6,Made,1,84,90,174,v,Lopez 6' Turnaround Hook Shot (3 PTS) (LaVine 5 AST),Made Shot,Turnaround Hook Shot,1,2,332
0021800928,476,PT02M11.00S,3,1610612737,ATL,203145,Bazemore,K. Bazemore,37,252,25,Missed,1,,,0,h,MISS Bazemore 25' 3PT Pullup Jump Shot,Missed Shot,Pullup Jump shot,1,3,333
0021800928,477,PT02M08.00S,3,1610612741,CHI,1627853,Arcidiacono,R. Arcidiacono,0,0,0,,0,,,0,v,Arcidiacono REBOUND (Off:0 Def:3),Rebound,Unknown,1,0,334
0021800928,478,PT01M57.00S,3,1610612741,CHI,1627782,Selden,W. Selden,-231,35,0,Missed,1,,,0,v,MISS Selden 3PT Jump Shot,Missed Shot,Jump Shot,1,3,335
0021800928,479,PT01M55.00S,3,1610612741,CHI,203490,Porter Jr.,O. Porter Jr.,0,0,0,,0,,,0,v,Porter Jr. REBOUND (Off:1 Def:6),Rebound,Unknown,1,0,336
0021800928,480,PT01M53.00S,3,1610612737,ATL,203458,Len,A. Len,0,0,0,,0,,,0,h,Len S.FOUL (P1.PN) (Z.Zarba),Foul,Shooting,1,0,337
0021800928,482,PT01M53.00S,3,1610612741,CHI,1627782,Selden,W. Selden,0,0,0,,0,,,0,v,MISS Selden Free Throw 1 of 2,Free Throw,Free Throw 1 of 2,0,0,338
0021800928,483,PT01M53.00S,3,0,,1610612741,,,0,0,0,,0,,,0,v,Bulls Rebound,Rebound,Normal Rebound,0,0,339
0021800928,484,PT01M53.00S,3,1610612737,ATL,1629121,Adams,J. Adams,0,0,0,,0,,,0,h,SUB: Huerter FOR Adams,Substitution,,0,0,340
0021800928,485,PT01M53.00S,3,1610612737,ATL,1713,Carter,V. Carter,0,0,0,,0,,,0,h,SUB: Spellman FOR Carter,Substitution,,0,0,341
0021800928,486,PT01M53.00S,3,1610612737,ATL,203145,Bazemore,K. Bazemore,0,0,0,,0,,,0,h,SUB: Young FOR Bazemore,Substitution,,0,0,342
0021800928,487,PT01M53.00S,3,1610612741,CHI,203490,Porter Jr.,O. Porter Jr.,0,0,0,,0,,,0,v,SUB: Luwawu-Cabarrot FOR Porter Jr.,Substitution,,0,0,343
0021800928,492,PT01M53.00S,3,1610612741,CHI,1627782,Selden,W. Selden,0,0,0,,0,84,91,175,v,Selden Free Throw 2 of 2 (1 PTS),Free Throw,Free Throw 2 of 2,0,0,344
0021800928,493,PT01M43.00S,3,1610612737,ATL,1629016,Spellman,O. Spellman,-119,218,25,Missed,1,,,0,h,MISS Spellman 25' 3PT Jump Shot,Missed Shot,Jump Shot,1,3,345
0021800928,494,PT01M39.00S,3,1610612741,CHI,1627789,Luwawu-Cabarrot,T. Luwawu-Cabarrot,0,0,0,,0,,,0,v,Luwawu-Cabarrot REBOUND (Off:0 Def:2),Rebound,Unknown,1,0,346
0021800928,495,PT01M33.00S,3,1610612741,CHI,1627789,Luwawu-Cabarrot,T. Luwawu-Cabarrot,1,5,1,Made,1,84,93,177,v,Luwawu-Cabarrot 1' Reverse Layup (4 PTS) (LaVine 6 AST),Made Shot,Reverse Layup Shot,1,2,347
0021800928,497,PT01M18.00S,3,1610612737,ATL,1629027,Young,T. Young,139,212,25,Missed,1,,,0,h,MISS Young 25' 3PT Pullup Jump Shot,Missed Shot,Pullup Jump shot,1,3,348
0021800928,498,PT01M15.00S,3,1610612741,CHI,203897,LaVine,Z. LaVine,0,0,0,,0,,,0,v,LaVine REBOUND (Off:1 Def:2),Rebound,Unknown,1,0,349
0021800928,499,PT01M07.00S,3,1610612741,CHI,203897,LaVine,Z. LaVine,0,0,0,,0,,,0,v,LaVine Bad Pass Turnover (P3.T10),Turnover,Bad Pass,1,0,350
0021800928,499,PT01M07.00S,3,1610612737,ATL,1628989,Huerter,K. Huerter,0,0,0,,0,,,0,h,Huerter STEAL (1 STL),,,1,0,351
0021800928,501,PT01M06.00S,3,1610612741,CHI,1627853,Arcidiacono,R. Arcidiacono,0,0,0,,0,,,0,v,Arcidiacono Personal Take Foul (P3.T2) (J.Goble),Foul,Personal Take,1,0,352
0021800928,503,PT01M06.00S,3,1610612741,CHI,203897,LaVine,Z. LaVine,0,0,0,,0,,,0,v,SUB: Harrison FOR LaVine,Substitution,,0,0,353
0021800928,505,PT00M52.20S,3,1610612737,ATL,1629016,Spellman,O. Spellman,-5,4,1,Missed,1,,,0,h,MISS Spellman 1' Driving Layup,Missed Shot,Driving Layup Shot,1,2,354
0021800928,506,PT00M48.90S,3,1610612741,CHI,1627885,Harrison,S. Harrison,0,0,0,,0,,,0,v,Harrison REBOUND (Off:0 Def:2),Rebound,Unknown,1,0,355
0021800928,507,PT00M38.90S,3,1610612741,CHI,1627885,Harrison,S. Harrison,-47,43,6,Made,1,84,95,179,v,Harrison 6' Driving Layup (9 PTS),Made Shot,Driving Layup Shot,1,2,356
0021800928,508,PT00M38.90S,3,0,,1610612737,,,0,0,0,,0,,,0,h,HAWKS Timeout: Regular (Full 4 Short 0),Timeout,Regular,0,0,357
0021800928,509,PT00M38.90S,3,1610612737,ATL,1629016,Spellman,O. Spellman,0,0,0,,0,,,0,h,SUB: Dedmon FOR Spellman,Substitution,,0,0,358
0021800928,512,PT00M19.50S,3,1610612737,ATL,203473,Dedmon,D. Dedmon,20,29,4,Missed,1,,,0,h,MISS Dedmon 4' Hook Shot,Missed Shot,Hook Shot,1,2,359
0021800928,513,PT00M17.10S,3,1610612741,CHI,1627885,Harrison,S. Harrison,0,0,0,,0,,,0,v,Harrison REBOUND (Off:0 Def:3),Rebound,Unknown,1,0,360
0021800928,514,PT00M01.50S,3,1610612741,CHI,1627853,Arcidiacono,R. Arcidiacono,44,88,10,Missed,1,,,0,v,MISS Arcidiacono 10' Turnaround Fadeaway Shot,Missed Shot,Turnaround Fadeaway shot,1,2,361
0021800928,515,PT00M01.50S,3,1610612737,ATL,203458,Len,A. Len,0,0,0,,0,,,0,h,Len REBOUND (Off:0 Def:6),Rebound,Unknown,1,0,362
0021800928,516,PT00M00.00S,3,0,,0,,,0,0,0,,0,84,95,179,,End of 3rd Period (9:19 PM EST),period,end,1,0,363
0021800928,519,PT12M00.00S,4,0,,0,,,0,0,0,,0,84,95,179,,Start of 4th Period (9:22 PM EST),period,start,0,0,364
0021800928,520,PT11M46.00S,4,1610612741,CHI,1627789,Luwawu-Cabarrot,T. Luwawu-Cabarrot,9,247,25,Missed,1,,,0,v,MISS Luwawu-Cabarrot 25' 3PT Jump Shot,Missed Shot,Jump Shot,1,3,365
0021800928,521,PT11M43.00S,4,1610612737,ATL,1629027,Young,T. Young,0,0,0,,0,,,0,h,Young REBOUND (Off:0 Def:3),Rebound,Unknown,1,0,366
0021800928,522,PT11M32.00S,4,1610612737,ATL,1629027,Young,T. Young,0,0,0,,0,,,0,h,Young Bad Pass Turnover (P3.T10),Turnover,Bad Pass,1,0,367
0021800928,522,PT11M32.00S,4,1610612741,CHI,1627782,Selden,W. Selden,0,0,0,,0,,,0,v,Selden STEAL (1 STL),,,1,0,368
0021800928,524,PT11M27.00S,4,1610612741,CHI,1627885,Harrison,S. Harrison,-4,9,1,Made,1,84,97,181,v,Harrison 1' Running Layup (11 PTS) (Selden 2 AST),Made Shot,Running Layup Shot,1,2,369
0021800928,526,PT11M13.00S,4,1610612737,ATL,203458,Len,A. Len,-49,179,19,Made,1,86,97,183,h,Len 19' Jump Shot (10 PTS) (Young 6 AST),Made Shot,Jump Shot,1,2,370
0021800928,528,PT11M00.00S,4,1610612741,CHI,201577,Lopez,R. Lopez,143,71,16,Missed,1,,,0,v,MISS Lopez 16' Jump Shot,Missed Shot,Jump Shot,1,2,371
0021800928,529,PT10M57.00S,4,1610612737,ATL,203473,Dedmon,D. Dedmon,0,0,0,,0,,,0,h,Dedmon REBOUND (Off:0 Def:9),Rebound,Unknown,1,0,372
0021800928,530,PT10M47.00S,4,1610612741,CHI,1627885,Harrison,S. Harrison,0,0,0,,0,,,0,v,Harrison S.FOUL (P3.T1) (Z.Zarba),Foul,Shooting,1,0,373
0021800928,532,PT10M47.00S,4,1610612737,ATL,203458,Len,A. Len,0,0,0,,0,87,97,184,h,Len Free Throw 1 of 2 (11 PTS),Free Throw,Free Throw 1 of 2,0,0,374
0021800928,533,PT10M47.00S,4,1610612741,CHI,201577,Lopez,R. Lopez,0,0,0,,0,,,0,v,SUB: Markkanen FOR Lopez,Substitution,,0,0,375
0021800928,535,PT10M47.00S,4,1610612737,ATL,203458,Len,A. Len,0,0,0,,0,88,97,185,h,Len Free Throw 2 of 2 (12 PTS),Free Throw,Free Throw 2 of 2,0,0,376
0021800928,536,PT10M39.00S,4,1610612737,ATL,1629027,Young,T. Young,0,0,0,,0,,,0,h,Young S.FOUL (P2.T1) (J.Goble),Foul,Shooting,1,0,377
0021800928,538,PT10M39.00S,4,1610612741,CHI,1627853,Arcidiacono,R. Arcidiacono,0,0,0,,0,88,98,186,v,Arcidiacono Free Throw 1 of 2 (6 PTS),Free Throw,Free Throw 1 of 2,0,0,378
0021800928,539,PT10M39.00S,4,1610612737,ATL,203458,Len,A. Len,0,0,0,,0,,,0,h,SUB: Carter FOR Len,Substitution,,0,0,379
0021800928,541,PT10M39.00S,4,1610612741,CHI,1627853,Arcidiacono,R. Arcidiacono,0,0,0,,0,88,99,187,v,Arcidiacono Free Throw 2 of 2 (7 PTS),Free Throw,Free Throw 2 of 2,0,0,380
0021800928,542,PT10M24.00S,4,1610612737,ATL,1628989,Huerter,K. Huerter,178,179,25,Made,1,91,99,190,h,Huerter 25' 3PT Jump Shot (12 PTS) (Young 7 AST),Made Shot,Jump Shot,1,3,381
0021800928,544,PT10M04.00S,4,1610612741,CHI,1628374,Markkanen,L. Markkanen,-128,231,26,Made,1,91,102,193,v,Markkanen 26' 3PT Jump Shot (18 PTS) (Harrison 1 AST),Made Shot,Jump Shot,1,3,382
0021800928,546,PT09M48.00S,4,1610612737,ATL,1629027,Young,T. Young,8,4,1,Made,1,93,102,195,h,Young 1' Driving Layup (18 PTS),Made Shot,Driving Layup Shot,1,2,383
0021800928,547,PT09M26.00S,4,1610612737,ATL,1628989,Huerter,K. Huerter,0,0,0,,0,,,0,h,Huerter S.FOUL (P2.T2) (Z.Zarba),Foul,Shooting,1,0,384
0021800928,549,PT09M26.00S,4,1610612741,CHI,1628374,Markkanen,L. Markkanen,0,0,0,,0,93,103,196,v,Markkanen Free Throw 1 of 2 (19 PTS),Free Throw,Free Throw 1 of 2,0,0,385
0021800928,550,PT09M26.00S,4,1610612741,CHI,1628374,Markkanen,L. Markkanen,0,0,0,,0,93,104,197,v,Markkanen Free Throw 2 of 2 (20 PTS),Free Throw,Free Throw 2 of 2,0,0,386
0021800928,551,PT09M15.00S,4,1610612737,ATL,1713,Carter,V. Carter,2,7,1,Made,1,95,104,199,h,Carter 1' Driving Dunk (10 PTS) (Young 8 AST),Made Shot,Driving Dunk Shot,1,2,387
0021800928,553,PT08M55.00S,4,1610612741,CHI,1627782,Selden,W. Selden,-2,14,1,Made,1,95,106,201,v,Selden 1' Driving Layup (3 PTS) (Harrison 2 AST),Made Shot,Driving Layup Shot,1,2,388
0021800928,555,PT08M49.00S,4,0,,1610612737,,,0,0,0,,0,,,0,h,HAWKS Timeout: Regular (Full 5 Short 0),Timeout,Regular,0,0,389
0021800928,556,PT08M49.00S,4,1610612737,ATL,1628989,Huerter,K. Huerter,0,0,0,,0,,,0,h,SUB: Bembry FOR Huerter,Substitution,,0,0,390
0021800928,557,PT08M49.00S,4,1610612741,CHI,1627853,Arcidiacono,R. Arcidiacono,0,0,0,,0,,,0,v,SUB: Dunn FOR Arcidiacono,Substitution,,0,0,391
0021800928,560,PT08M31.00S,4,1610612737,ATL,1627752,Prince,T. Prince,46,80,9,Made,1,97,106,203,h,Prince 9' Fadeaway Jumper (10 PTS),Made Shot,Fadeaway Jump Shot,1,2,392
0021800928,561,PT08M14.00S,4,1610612741,CHI,1627782,Selden,W. Selden,6,20,2,Missed,1,,,0,v,MISS Selden 2' Driving Layup,Missed Shot,Driving Layup Shot,1,2,393
0021800928,562,PT08M11.00S,4,1610612737,ATL,1713,Carter,V. Carter,0,0,0,,0,,,0,h,Carter REBOUND (Off:1 Def:2),Rebound,Unknown,1,0,394
0021800928,563,PT08M08.00S,4,1610612737,ATL,1629027,Young,T. Young,9,6,1,Made,1,99,106,205,h,Young 1' Driving Layup (20 PTS),Made Shot,Driving Layup Shot,1,2,395
0021800928,564,PT08M08.00S,4,1610612741,CHI,1627789,Luwawu-Cabarrot,T. Luwawu-Cabarrot,0,0,0,,0,,,0,v,Luwawu-Cabarrot S.FOUL (P1.T2) (Z.Zarba),Foul,Shooting,1,0,396
0021800928,566,PT08M08.00S,4,1610612737,ATL,1629027,Young,T. Young,0,0,0,,0,100,106,206,h,Young Free Throw 1 of 1 (21 PTS),Free Throw,Free Throw 1 of 1,0,0,397
0021800928,567,PT07M56.00S,4,1610612741,CHI,1627789,Luwawu-Cabarrot,T. Luwawu-Cabarrot,-19,47,5,Missed,1,,,0,v,MISS Luwawu-Cabarrot 5' Driving Layup,Missed Shot,Driving Layup Shot,1,2,398
0021800928,567,PT07M56.00S,4,1610612737,ATL,1713,Carter,V. Carter,0,0,0,,0,,,0,h,Carter BLOCK (1 BLK),,,1,2,399
0021800928,569,PT07M56.00S,4,0,,1610612741,,,0,0,0,,0,,,0,v,Bulls Rebound,Rebound,Unknown,0,0,400
0021800928,571,PT07M53.00S,4,1610612741,CHI,1628374,Markkanen,L. Markkanen,-133,231,27,Made,1,100,109,209,v,Markkanen 27' 3PT Jump Shot (23 PTS) (Dunn 6 AST),Made Shot,Jump Shot,1,3,401
0021800928,573,PT07M37.00S,4,1610612737,ATL,1627752,Prince,T. Prince,-11,267,27,Made,1,103,109,212,h,Prince 27' 3PT Jump Shot (13 PTS) (Young 9 AST),Made Shot,Jump Shot,1,3,402
0021800928,575,PT07M20.00S,4,1610612741,CHI,1627739,Dunn,K. Dunn,100,117,15,Missed,1,,,0,v,MISS Dunn 15' Pullup Jump Shot,Missed Shot,Pullup Jump shot,1,2,403
0021800928,576,PT07M18.00S,4,1610612737,ATL,1629027,Young,T. Young,0,0,0,,0,,,0,h,Young REBOUND (Off:0 Def:4),Rebound,Unknown,1,0,404
0021800928,577,PT07M12.00S,4,1610612737,ATL,1629027,Young,T. Young,-1,12,1,Missed,1,,,0,h,MISS Young 1' Driving Layup,Missed Shot,Driving Layup Shot,1,2,405
0021800928,578,PT07M10.00S,4,1610612737,ATL,1627752,Prince,T. Prince,0,0,0,,0,,,0,h,Prince REBOUND (Off:1 Def:1),Rebound,Unknown,1,0,406
0021800928,579,PT07M08.00S,4,1610612737,ATL,1627752,Prince,T. Prince,-7,8,1,Made,1,105,109,214,h,Prince 1' Putback Layup (15 PTS),Made Shot,Putback Layup Shot,1,2,407
0021800928,580,PT06M51.00S,4,1610612741,CHI,1628374,Markkanen,L. Markkanen,-19,21,3,Made,1,105,111,216,v,Markkanen 3' Driving Layup (25 PTS) (Selden 3 AST),Made Shot,Driving Layup Shot,1,2,408
0021800928,582,PT06M34.00S,4,1610612737,ATL,1627761,Bembry,D. Bembry,-2,10,1,Missed,1,,,0,h,MISS Bembry 1' Driving Layup,Missed Shot,Driving Layup Shot,1,2,409
0021800928,582,PT06M34.00S,4,1610612741,CHI,1627739,Dunn,K. Dunn,0,0,0,,0,,,0,v,Dunn BLOCK (1 BLK),,,1,2,410
0021800928,584,PT06M34.00S,4,1610612741,CHI,1628374,Markkanen,L. Markkanen,0,0,0,,0,,,0,v,Markkanen REBOUND (Off:1 Def:7),Rebound,Unknown,1,0,411
0021800928,585,PT06M14.00S,4,1610612741,CHI,1627885,Harrison,S. Harrison,-9,5,1,Missed,1,,,0,v,MISS Harrison 1' Driving Layup,Missed Shot,Driving Layup Shot,1,2,412
0021800928,586,PT06M11.00S,4,1610612737,ATL,203473,Dedmon,D. Dedmon,0,0,0,,0,,,0,h,Dedmon REBOUND (Off:0 Def:10),Rebound,Unknown,1,0,413
0021800928,587,PT06M08.00S,4,1610612737,ATL,203473,Dedmon,D. Dedmon,0,0,0,,0,,,0,h,Dedmon Lost Ball Turnover (P2.T11),Turnover,Lost Ball,1,0,414
0021800928,587,PT06M08.00S,4,1610612741,CHI,1627885,Harrison,S. Harrison,0,0,0,,0,,,0,v,Harrison STEAL (1 STL),,,1,0,415
0021800928,589,PT06M02.00S,4,1610612741,CHI,1627885,Harrison,S. Harrison,-232,16,0,Missed,1,,,0,v,MISS Harrison 3PT Jump Shot,Missed Shot,Jump Shot,1,3,416
0021800928,590,PT05M58.00S,4,1610612737,ATL,203473,Dedmon,D. Dedmon,0,0,0,,0,,,0,h,Dedmon REBOUND (Off:0 Def:11),Rebound,Unknown,1,0,417
0021800928,591,PT05M55.00S,4,1610612737,ATL,1629027,Young,T. Young,-49,60,8,Made,1,107,111,218,h,Young 8' Driving Layup (23 PTS),Made Shot,Driving Layup Shot,1,2,418
0021800928,592,PT05M55.00S,4,1610612741,CHI,1627739,Dunn,K. Dunn,0,0,0,,0,,,0,v,Dunn S.FOUL (P4.T3) (J.Goble),Foul,Shooting,1,0,419
0021800928,594,PT05M55.00S,4,1610612741,CHI,1627885,Harrison,S. Harrison,0,0,0,,0,,,0,v,SUB: Porter Jr. FOR Harrison,Substitution,,0,0,420
0021800928,595,PT05M55.00S,4,1610612741,CHI,1627789,Luwawu-Cabarrot,T. Luwawu-Cabarrot,0,0,0,,0,,,0,v,SUB: LaVine FOR Luwawu-Cabarrot,Substitution,,0,0,421
0021800928,598,PT05M55.00S,4,1610612737,ATL,1629027,Young,T. Young,0,0,0,,0,108,111,219,h,Young Free Throw 1 of 1 (24 PTS),Free Throw,Free Throw 1 of 1,0,0,422
0021800928,599,PT05M37.00S,4,1610612741,CHI,1627739,Dunn,K. Dunn,-232,42,24,Missed,1,,,0,v,MISS Dunn 24' 3PT Jump Shot,Missed Shot,Jump Shot,1,3,423
0021800928,600,PT05M35.00S,4,0,,1610612737,,,0,0,0,,0,,,0,h,HAWKS Rebound,Rebound,Unknown,0,0,424
0021800928,602,PT05M22.00S,4,1610612737,ATL,1627761,Bembry,D. Bembry,-212,118,24,Missed,1,,,0,h,MISS Bembry 24' 3PT Jump Shot,Missed Shot,Jump Shot,1,3,425
0021800928,603,PT05M19.00S,4,1610612737,ATL,1627752,Prince,T. Prince,0,0,0,,0,,,0,h,Prince REBOUND (Off:2 Def:1),Rebound,Unknown,1,0,426
0021800928,604,PT05M11.00S,4,1610612737,ATL,1627761,Bembry,D. Bembry,0,10,1,Made,1,110,111,221,h,Bembry 1' Cutting Dunk Shot (10 PTS) (Young 10 AST),Made Shot,Cutting Dunk Shot,1,2,427
0021800928,606,PT04M51.00S,4,1610612741,CHI,203490,Porter Jr.,O. Porter Jr.,-179,178,25,Made,1,110,114,224,v,Porter Jr. 25' 3PT Jump Shot (21 PTS) (LaVine 7 AST),Made Shot,Jump Shot,1,3,428
0021800928,608,PT04M31.00S,4,1610612737,ATL,1629027,Young,T. Young,0,0,0,,0,,,0,h,Young Bad Pass Turnover (P4.T12),Turnover,Bad Pass,1,0,429
0021800928,608,PT04M31.00S,4,1610612741,CHI,1627782,Selden,W. Selden,0,0,0,,0,,,0,v,Selden STEAL (2 STL),,,1,0,430
0021800928,610,PT04M27.00S,4,1610612741,CHI,203897,LaVine,Z. LaVine,0,13,1,Made,1,110,116,226,v,LaVine 1' Running Layup (26 PTS) (Selden 4 AST),Made Shot,Running Layup Shot,1,2,431
0021800928,611,PT04M27.00S,4,0,,1610612737,,,0,0,0,,0,,,0,h,HAWKS Timeout: Regular (Full 6 Short 0),Timeout,Regular,0,0,432
0021800928,613,PT04M08.00S,4,1610612737,ATL,1627752,Prince,T. Prince,-235,-14,24,Missed,1,,,0,h,MISS Prince 24' 3PT Pullup Jump Shot,Missed Shot,Pullup Jump shot,1,3,433
0021800928,614,PT04M03.00S,4,1610612741,CHI,1627782,Selden,W. Selden,0,0,0,,0,,,0,v,Selden REBOUND (Off:0 Def:1),Rebound,Unknown,1,0,434
0021800928,624,PT03M51.00S,4,1610612741,CHI,203897,LaVine,Z. LaVine,40,42,6,Missed,1,,,0,v,MISS LaVine 6' Driving Layup,Missed Shot,Driving Layup Shot,1,2,435
0021800928,624,PT03M51.00S,4,1610612737,ATL,1629027,Young,T. Young,0,0,0,,0,,,0,h,Young BLOCK (1 BLK),,,1,2,436
0021800928,626,PT03M49.00S,4,1610612741,CHI,203897,LaVine,Z. LaVine,0,0,0,,0,,,0,v,LaVine REBOUND (Off:2 Def:2),Rebound,Unknown,1,0,437
0021800928,615,PT03M47.00S,4,1610612741,CHI,203490,Porter Jr.,O. Porter Jr.,-160,199,26,Missed,1,,,0,v,MISS Porter Jr. 26' 3PT Pullup Jump Shot,Missed Shot,Pullup Jump shot,1,3,438
0021800928,616,PT03M43.00S,4,1610612737,ATL,1627761,Bembry,D. Bembry,0,0,0,,0,,,0,h,Bembry REBOUND (Off:0 Def:2),Rebound,Unknown,1,0,439
0021800928,617,PT03M38.00S,4,1610612737,ATL,1629027,Young,T. Young,0,11,1,Missed,1,,,0,h,MISS Young 1' Driving Layup,Missed Shot,Driving Layup Shot,1,2,440
0021800928,618,PT03M36.00S,4,1610612741,CHI,1628374,Markkanen,L. Markkanen,0,0,0,,0,,,0,v,Markkanen REBOUND (Off:1 Def:8),Rebound,Unknown,1,0,441
0021800928,623,PT03M23.00S,4,0,,1610612741,,,0,0,0,,0,,,0,v,Bulls Timeout: Regular (Reg.5 Short 0),Timeout,Regular,0,0,442
0021800928,628,PT03M19.00S,4,1610612741,CHI,203490,Porter Jr.,O. Porter Jr.,0,0,0,,0,,,0,v,Porter Jr. Lost Ball Turnover (P3.T11),Turnover,Lost Ball,1,0,443
0021800928,628,PT03M19.00S,4,1610612737,ATL,1629027,Young,T. Young,0,0,0,,0,,,0,h,Young STEAL (1 STL),,,1,0,444
0021800928,630,PT03M16.00S,4,1610612737,ATL,1629027,Young,T. Young,4,7,1,Made,1,112,116,228,h,Young 1' Running Layup (26 PTS),Made Shot,Running Layup Shot,1,2,445
0021800928,631,PT02M57.00S,4,1610612741,CHI,1627739,Dunn,K. Dunn,1,25,3,Missed,1,,,0,v,MISS Dunn 3' Driving Layup,Missed Shot,Driving Layup Shot,1,2,446
0021800928,632,PT02M54.00S,4,1610612737,ATL,203473,Dedmon,D. Dedmon,0,0,0,,0,,,0,h,Dedmon REBOUND (Off:0 Def:12),Rebound,Unknown,1,0,447
0021800928,633,PT02M48.00S,4,1610612737,ATL,203473,Dedmon,D. Dedmon,3,-3,0,Made,1,114,116,230,h,Dedmon Cutting Dunk Shot (14 PTS) (Young 11 AST),Made Shot,Cutting Dunk Shot,1,2,448
0021800928,635,PT02M26.00S,4,1610612741,CHI,203897,LaVine,Z. LaVine,0,0,0,,0,,,0,v,LaVine Lost Ball Turnover (P4.T12),Turnover,Lost Ball,1,0,449
0021800928,635,PT02M26.00S,4,1610612737,ATL,203473,Dedmon,D. Dedmon,0,0,0,,0,,,0,h,Dedmon STEAL (2 STL),,,1,0,450
0021800928,637,PT02M23.00S,4,1610612737,ATL,1629027,Young,T. Young,-175,205,27,Made,1,117,116,233,h,Young 27' 3PT Jump Shot (29 PTS) (Dedmon 2 AST),Made Shot,Jump Shot,1,3,451
0021800928,639,PT02M22.00S,4,0,,1610612741,,,0,0,0,,0,,,0,v,Bulls Timeout: Regular (Reg.6 Short 0),Timeout,Regular,0,0,452
0021800928,640,PT02M22.00S,4,1610612741,CHI,1627782,Selden,W. Selden,0,0,0,,0,,,0,v,SUB: Lopez FOR Selden,Substitution,,0,0,453
0021800928,642,PT02M01.00S,4,1610612741,CHI,1627739,Dunn,K. Dunn,-9,145,15,Missed,1,,,0,v,MISS Dunn 15' Driving Layup,Missed Shot,Driving Layup Shot,1,2,454
0021800928,642,PT02M01.00S,4,1610612737,ATL,203473,Dedmon,D. Dedmon,0,0,0,,0,,,0,h,Dedmon BLOCK (3 BLK),,,1,2,455
0021800928,644,PT01M58.00S,4,1610612737,ATL,1627761,Bembry,D. Bembry,0,0,0,,0,,,0,h,Bembry REBOUND (Off:0 Def:3),Rebound,Unknown,1,0,456
0021800928,645,PT01M57.00S,4,1610612737,ATL,1713,Carter,V. Carter,81,239,25,Missed,1,,,0,h,MISS Carter 25' 3PT Jump Shot,Missed Shot,Jump Shot,1,3,457
0021800928,646,PT01M53.00S,4,1610612741,CHI,1628374,Markkanen,L. Markkanen,0,0,0,,0,,,0,v,Markkanen REBOUND (Off:1 Def:9),Rebound,Unknown,1,0,458
0021800928,647,PT01M36.00S,4,1610612741,CHI,203897,LaVine,Z. LaVine,0,0,0,,0,,,0,v,LaVine Bad Pass Turnover (P5.T13),Turnover,Bad Pass,1,0,459
0021800928,647,PT01M36.00S,4,1610612737,ATL,1627752,Prince,T. Prince,0,0,0,,0,,,0,h,Prince STEAL (2 STL),,,1,0,460
0021800928,649,PT01M34.00S,4,1610612737,ATL,1627752,Prince,T. Prince,2,2,0,Made,1,119,116,235,h,Prince Running Dunk (17 PTS),Made Shot,Running Dunk Shot,1,2,461
0021800928,650,PT01M21.00S,4,1610612737,ATL,1713,Carter,V. Carter,0,0,0,,0,,,0,h,Carter P.FOUL (P2.T3) (Z.Zarba),Foul,Personal,1,0,462
0021800928,652,PT01M15.00S,4,1610612741,CHI,203897,LaVine,Z. LaVine,6,11,1,Missed,1,,,0,v,MISS LaVine 1' Driving Layup,Missed Shot,Driving Layup Shot,1,2,463
0021800928,652,PT01M15.00S,4,1610612737,ATL,203473,Dedmon,D. Dedmon,0,0,0,,0,,,0,h,Dedmon BLOCK (4 BLK),,,1,2,464
0021800928,654,PT01M12.00S,4,1610612737,ATL,1713,Carter,V. Carter,0,0,0,,0,,,0,h,Carter REBOUND (Off:1 Def:3),Rebound,Unknown,1,0,465
0021800928,655,PT01M00.00S,4,1610612737,ATL,1629027,Young,T. Young,2,4,0,Made,1,121,116,237,h,Young Driving Layup (31 PTS),Made Shot,Driving Layup Shot,1,2,466
0021800928,657,PT00M53.50S,4,1610612741,CHI,203490,Porter Jr.,O. Porter Jr.,-220,40,0,Made,1,121,119,240,v,Porter Jr. 3PT Step Back Jump Shot (24 PTS),Made Shot,Step Back Jump shot,1,3,467
0021800928,658,PT00M32.80S,4,1610612737,ATL,1627752,Prince,T. Prince,-207,155,26,Missed,1,,,0,h,MISS Prince 26' 3PT Step Back Jump Shot,Missed Shot,Step Back Jump shot,1,3,468
0021800928,659,PT00M29.40S,4,1610612741,CHI,203490,Porter Jr.,O. Porter Jr.,0,0,0,,0,,,0,v,Porter Jr. REBOUND (Off:1 Def:7),Rebound,Unknown,1,0,469
0021800928,660,PT00M24.30S,4,1610612741,CHI,203490,Porter Jr.,O. Porter Jr.,5,15,2,Made,1,121,121,242,v,Porter Jr. 2' Driving Layup (26 PTS),Made Shot,Driving Layup Shot,1,2,470
0021800928,661,PT00M17.80S,4,0,,1610612737,,,0,0,0,,0,,,0,h,HAWKS Timeout: Regular (Full 7 Short 0),Timeout,Regular,0,0,471
0021800928,662,PT00M17.80S,4,1610612741,CHI,201577,Lopez,R. Lopez,0,0,0,,0,,,0,v,SUB: Selden FOR Lopez,Substitution,,0,0,472
0021800928,664,PT00M03.30S,4,1610612737,ATL,1629027,Young,T. Young,-7,258,26,Made,1,124,121,245,h,Young 26' 3PT Pullup Jump Shot (34 PTS),Made Shot,Pullup Jump shot,1,3,473
0021800928,665,PT00M02.20S,4,0,,1610612741,,,0,0,0,,0,,,0,v,Bulls Timeout: Regular (Reg.7 Short 0),Timeout,Regular,0,0,474
0021800928,666,PT00M02.20S,4,1610612737,ATL,1629027,Young,T. Young,0,0,0,,0,,,0,h,SUB: Bazemore FOR Young,Substitution,,0,0,475
0021800928,667,PT00M02.20S,4,1610612741,CHI,1627739,Dunn,K. Dunn,0,0,0,,0,,,0,v,SUB: Lopez FOR Dunn,Substitution,,0,0,476
0021800928,670,PT00M00.40S,4,1610612737,ATL,203473,Dedmon,D. Dedmon,0,0,0,,0,,,0,h,Dedmon S.FOUL (P5.PN) (Z.Zarba),Foul,Shooting,1,0,477
0021800928,672,PT00M00.40S,4,0,,670,,,0,0,0,,0,124,121,245,,Instant Replay4th Period (9:54 PM EST),Instant Replay,Support Ruling,0,0,478
0021800928,673,PT00M00.40S,4,1610612741,CHI,203490,Porter Jr.,O. Porter Jr.,0,0,0,,0,124,122,246,v,Porter Jr. Free Throw 1 of 3 (27 PTS),Free Throw,Free Throw 1 of 3,1,0,479
0021800928,674,PT00M00.40S,4,1610612741,CHI,203490,Porter Jr.,O. Porter Jr.,0,0,0,,0,124,123,247,v,Porter Jr. Free Throw 2 of 3 (28 PTS),Free Throw,Free Throw 2 of 3,1,0,480
0021800928,675,PT00M00.40S,4,1610612737,ATL,1627761,Bembry,D. Bembry,0,0,0,,0,,,0,h,SUB: Len FOR Bembry,Substitution,,0,0,481
0021800928,676,PT00M00.40S,4,1610612737,ATL,203145,Bazemore,K. Bazemore,0,0,0,,0,,,0,h,SUB: Young FOR Bazemore,Substitution,,0,0,482
0021800928,680,PT00M00.40S,4,1610612741,CHI,203490,Porter Jr.,O. Porter Jr.,0,0,0,,0,124,124,248,v,Porter Jr. Free Throw 3 of 3 (29 PTS),Free Throw,Free Throw 3 of 3,1,0,483
0021800928,681,PT00M00.00S,4,0,,0,,,0,0,0,,0,124,124,248,,End of 4th Period (9:56 PM EST),period,end,1,0,484
0021800928,686,PT05M00.00S,5,0,,0,,,0,0,0,,0,124,124,248,,Start of 1st OT (9:58 PM EST),period,start,0,0,485
0021800928,688,PT05M00.00S,5,1610612737,ATL,203458,Len,A. Len,0,0,0,,0,,,0,h,Jump Ball Len vs. Lopez: Tip to Carter,Jump Ball,,1,0,486
0021800928,691,PT04M51.00S,5,1610612737,ATL,1629027,Young,T. Young,26,267,27,Made,1,127,124,251,h,Young 27' 3PT Pullup Jump Shot (37 PTS),Made Shot,Pullup Jump shot,1,3,487
0021800928,692,PT04M51.00S,5,1610612741,CHI,1627739,Dunn,K. Dunn,0,0,0,,0,,,0,v,Dunn S.FOUL (P5.T1) (Z.Zarba),Foul,Shooting,1,0,488
0021800928,694,PT04M51.00S,5,1610612737,ATL,1629027,Young,T. Young,0,0,0,,0,,,0,h,MISS Young Free Throw 1 of 1,Free Throw,Free Throw 1 of 1,0,0,489
0021800928,695,PT04M45.00S,5,1610612741,CHI,1628374,Markkanen,L. Markkanen,0,0,0,,0,,,0,v,Markkanen REBOUND (Off:1 Def:10),Rebound,Unknown,1,0,490
0021800928,696,PT04M39.00S,5,1610612737,ATL,1627752,Prince,T. Prince,0,0,0,,0,,,0,h,Prince P.FOUL (P5.T1) (G.Petraitis),Foul,Personal,1,0,491
0021800928,698,PT04M32.00S,5,1610612741,CHI,201577,Lopez,R. Lopez,13,66,7,Made,1,127,126,253,v,Lopez 7' Hook Shot (5 PTS) (LaVine 8 AST),Made Shot,Hook Shot,1,2,492
0021800928,700,PT04M23.00S,5,1610612741,CHI,201577,Lopez,R. Lopez,0,0,0,,0,,,0,v,Lopez P.FOUL (P1.T2) (G.Petraitis),Foul,Personal,1,0,493
0021800928,702,PT04M17.00S,5,1610612737,ATL,1628989,Huerter,K. Huerter,-29,252,25,Made,1,130,126,256,h,Huerter 25' 3PT Pullup Jump Shot (15 PTS),Made Shot,Pullup Jump shot,1,3,494
0021800928,703,PT03M54.00S,5,1610612741,CHI,203897,LaVine,Z. LaVine,-180,176,25,Made,1,130,129,259,v,LaVine 25' 3PT Pullup Jump Shot (29 PTS),Made Shot,Pullup Jump shot,1,3,495
0021800928,704,PT03M39.00S,5,1610612741,CHI,201577,Lopez,R. Lopez,0,0,0,,0,,,0,v,Lopez S.FOUL (P2.T3) (Z.Zarba),Foul,Shooting,1,0,496
0021800928,706,PT03M39.00S,5,1610612737,ATL,1629027,Young,T. Young,0,0,0,,0,131,129,260,h,Young Free Throw 1 of 2 (38 PTS),Free Throw,Free Throw 1 of 2,0,0,497
0021800928,707,PT03M39.00S,5,1610612737,ATL,1629027,Young,T. Young,0,0,0,,0,132,129,261,h,Young Free Throw 2 of 2 (39 PTS),Free Throw,Free Throw 2 of 2,0,0,498
0021800928,708,PT03M25.00S,5,1610612741,CHI,201577,Lopez,R. Lopez,-6,8,1,Made,1,132,131,263,v,Lopez 1' Layup (7 PTS),Made Shot,Layup Shot,1,2,499
0021800928,709,PT03M25.00S,5,0,,1610612741,,,0,0,0,,0,,,0,,Delay Of Game,Violation,Delay Of Game,0,0,500
0021800928,710,PT03M25.00S,5,0,,0,,,0,0,0,,0,132,131,263,,Instant Replay1st OT (10:03 PM EST),Instant Replay,Support Ruling,0,0,501
0021800928,711,PT03M15.00S,5,1610612737,ATL,1628989,Huerter,K. Huerter,150,210,26,Missed,1,,,0,h,MISS Huerter 26' 3PT Jump Shot,Missed Shot,Jump Shot,1,3,502
0021800928,712,PT03M13.00S,5,1610612741,CHI,1628374,Markkanen,L. Markkanen,0,0,0,,0,,,0,v,Markkanen REBOUND (Off:1 Def:11),Rebound,Unknown,1,0,503
0021800928,713,PT02M55.00S,5,1610612741,CHI,203897,LaVine,Z. LaVine,-5,13,1,Made,1,132,133,265,v,LaVine 1' Driving Reverse Layup (31 PTS),Made Shot,Driving Reverse Layup Shot,1,2,504
0021800928,714,PT02M41.00S,5,1610612737,ATL,1629027,Young,T. Young,73,75,10,Made,1,134,133,267,h,Young 10' Driving Floating Jump Shot (41 PTS),Made Shot,Driving Floating Jump Shot,1,2,505
0021800928,715,PT02M20.00S,5,1610612741,CHI,203897,LaVine,Z. LaVine,5,15,2,Made,1,134,135,269,v,LaVine 2' Driving Layup (33 PTS),Made Shot,Driving Layup Shot,1,2,506
0021800928,716,PT02M09.00S,5,1610612741,CHI,1627739,Dunn,K. Dunn,0,0,0,,0,,,0,v,Dunn P.FOUL (P6.PN) (Z.Zarba),Foul,Personal,1,0,507
0021800928,718,PT02M09.00S,5,1610612741,CHI,1627739,Dunn,K. Dunn,0,0,0,,0,,,0,v,SUB: Arcidiacono FOR Dunn,Substitution,,0,0,508
0021800928,720,PT02M09.00S,5,1610612737,ATL,203458,Len,A. Len,0,0,0,,0,,,0,h,SUB: Dedmon FOR Len,Substitution,,0,0,509
0021800928,722,PT02M09.00S,5,1610612737,ATL,1629027,Young,T. Young,0,0,0,,0,135,135,270,h,Young Free Throw 1 of 2 (42 PTS),Free Throw,Free Throw 1 of 2,0,0,510
0021800928,723,PT02M09.00S,5,1610612737,ATL,1629027,Young,T. Young,0,0,0,,0,136,135,271,h,Young Free Throw 2 of 2 (43 PTS),Free Throw,Free Throw 2 of 2,0,0,511
0021800928,724,PT01M51.00S,5,1610612737,ATL,203473,Dedmon,D. Dedmon,0,0,0,,0,,,0,h,Dedmon S.FOUL (P6.T2) (Z.Zarba),Foul,Shooting,1,0,512
0021800928,726,PT01M51.00S,5,0,,724,Alexander,C. Alexander,0,0,0,,0,136,135,271,,Instant Replay1st OT (10:08 PM EST),Instant Replay,Support Ruling,0,0,513
0021800928,727,PT01M51.00S,5,1610612737,ATL,203473,Dedmon,D. Dedmon,0,0,0,,0,,,0,h,SUB: Len FOR Dedmon,Substitution,,0,0,514
0021800928,729,PT01M51.00S,5,1610612741,CHI,203897,LaVine,Z. LaVine,0,0,0,,0,,,0,v,MISS LaVine Free Throw 1 of 2,Free Throw,Free Throw 1 of 2,0,0,515
0021800928,730,PT01M51.00S,5,0,,1610612741,,,0,0,0,,0,,,0,v,Bulls Rebound,Rebound,Normal Rebound,0,0,516
0021800928,731,PT01M51.00S,5,1610612741,CHI,201577,Lopez,R. Lopez,0,0,0,,0,,,0,v,SUB: Selden FOR Lopez,Substitution,,0,0,517
0021800928,733,PT01M51.00S,5,1610612741,CHI,203897,LaVine,Z. LaVine,0,0,0,,0,136,136,272,v,LaVine Free Throw 2 of 2 (34 PTS),Free Throw,Free Throw 2 of 2,0,0,518
0021800928,734,PT01M41.00S,5,1610612737,ATL,203458,Len,A. Len,-2,11,1,Made,1,138,136,274,h,Len 1' Dunk (14 PTS) (Young 12 AST),Made Shot,Dunk Shot,1,2,519
0021800928,736,PT01M31.00S,5,1610612741,CHI,203897,LaVine,Z. LaVine,-111,229,25,Made,1,138,139,277,v,LaVine 25' 3PT Jump Shot (37 PTS) (Markkanen 2 AST),Made Shot,Jump Shot,1,3,520
0021800928,738,PT01M17.00S,5,1610612737,ATL,1629027,Young,T. Young,97,239,26,Missed,1,,,0,h,MISS Young 26' 3PT Pullup Jump Shot,Missed Shot,Pullup Jump shot,1,3,521
0021800928,739,PT01M14.00S,5,1610612741,CHI,1628374,Markkanen,L. Markkanen,0,0,0,,0,,,0,v,Markkanen REBOUND (Off:1 Def:12),Rebound,Unknown,1,0,522
0021800928,740,PT00M59.90S,5,1610612741,CHI,1628374,Markkanen,L. Markkanen,-16,40,4,Missed,1,,,0,v,MISS Markkanen 4' Driving Layup,Missed Shot,Driving Layup Shot,1,2,523
0021800928,740,PT00M59.90S,5,1610612737,ATL,203458,Len,A. Len,0,0,0,,0,,,0,h,Len BLOCK (1 BLK),,,1,2,524
0021800928,742,PT00M56.80S,5,1610612741,CHI,203490,Porter Jr.,O. Porter Jr.,0,0,0,,0,,,0,v,Porter Jr. REBOUND (Off:2 Def:7),Rebound,Unknown,1,0,525
0021800928,743,PT00M54.10S,5,1610612741,CHI,203490,Porter Jr.,O. Porter Jr.,-185,173,25,Missed,1,,,0,v,MISS Porter Jr. 25' 3PT Pullup Jump Shot,Missed Shot,Pullup Jump shot,1,3,526
0021800928,744,PT00M52.10S,5,1610612737,ATL,1629027,Young,T. Young,0,0,0,,0,,,0,h,Young REBOUND (Off:0 Def:5),Rebound,Unknown,1,0,527
0021800928,745,PT00M38.50S,5,1610612737,ATL,1629027,Young,T. Young,0,0,0,,0,,,0,h,Young Bad Pass Turnover (P5.T13),Turnover,Bad Pass,1,0,528
0021800928,745,PT00M38.50S,5,1610612741,CHI,1627782,Selden,W. Selden,0,0,0,,0,,,0,v,Selden STEAL (3 STL),,,1,0,529
0021800928,747,PT00M36.80S,5,1610612737,ATL,1713,Carter,V. Carter,0,0,0,,0,,,0,h,Carter Personal Take Foul (P3.PN) (Z.Zarba),Foul,Personal Take,1,0,530
0021800928,749,PT00M36.80S,5,1610612741,CHI,1627782,Selden,W. Selden,0,0,0,,0,138,140,278,v,Selden Free Throw 1 of 2 (4 PTS),Free Throw,Free Throw 1 of 2,1,0,531
0021800928,750,PT00M36.80S,5,1610612741,CHI,1627782,Selden,W. Selden,0,0,0,,0,,,0,v,MISS Selden Free Throw 2 of 2,Free Throw,Free Throw 2 of 2,1,0,532
0021800928,751,PT00M35.50S,5,1610612737,ATL,1713,Carter,V. Carter,0,0,0,,0,,,0,h,Carter REBOUND (Off:1 Def:4),Rebound,Unknown,1,0,533
0021800928,752,PT00M35.40S,5,0,,1610612737,,,0,0,0,,0,,,0,h,HAWKS Timeout: Regular (Full 8 Short 0),Timeout,Regular,0,0,534
0021800928,753,PT00M33.90S,5,1610612737,ATL,1628989,Huerter,K. Huerter,147,154,21,Missed,1,,,0,h,MISS Huerter 21' Jump Shot,Missed Shot,Jump Shot,1,2,535
0021800928,754,PT00M31.00S,5,1610612741,CHI,203490,Porter Jr.,O. Porter Jr.,0,0,0,,0,,,0,v,Porter Jr. REBOUND (Off:2 Def:8),Rebound,Unknown,1,0,536
0021800928,755,PT00M09.80S,5,1610612741,CHI,203897,LaVine,Z. LaVine,82,6,8,Missed,1,,,0,v,MISS LaVine 8' Pullup Jump Shot,Missed Shot,Pullup Jump shot,1,2,537
0021800928,755,PT00M09.80S,5,1610612737,ATL,203458,Len,A. Len,0,0,0,,0,,,0,h,Len BLOCK (2 BLK),,,1,2,538
0021800928,757,PT00M05.80S,5,1610612737,ATL,203458,Len,A. Len,0,0,0,,0,,,0,h,Len REBOUND (Off:0 Def:7),Rebound,Unknown,1,0,539
0021800928,758,PT00M01.00S,5,1610612737,ATL,1629027,Young,T. Young,2,6,1,Made,1,140,140,280,h,Young 1' Driving Layup (45 PTS),Made Shot,Driving Layup Shot,1,2,540
0021800928,759,PT00M00.00S,5,1610612741,CHI,203897,LaVine,Z. LaVine,-171,468,50,Missed,1,,,0,v,MISS LaVine 50' 3PT Jump Shot,Missed Shot,Jump Shot,1,3,541
0021800928,760,PT00M00.00S,5,0,,1610612741,,,0,0,0,,0,,,0,v,Bulls Rebound,Rebound,Unknown,0,0,542
0021800928,761,PT00M00.00S,5,0,,0,,,0,0,0,,0,140,140,280,,End of 1st OT (10:15 PM EST),period,end,1,0,543
0021800928,766,PT05M00.00S,6,0,,0,,,0,0,0,,0,140,140,280,,Start of 2nd OT (10:18 PM EST),period,start,0,0,544
0021800928,768,PT05M00.00S,6,1610612737,ATL,203458,Len,A. Len,0,0,0,,0,,,0,h,Jump Ball Len vs. Markkanen: Tip to Young,Jump Ball,,1,0,545
0021800928,771,PT04M44.00S,6,1610612737,ATL,1629027,Young,T. Young,0,0,0,,0,,,0,h,Young Out of Bounds - Bad Pass Turnover Turnover (P6.T14),Turnover,Out of Bounds - Bad Pass Turnover,1,0,546
0021800928,772,PT04M22.00S,6,1610612741,CHI,203897,LaVine,Z. LaVine,-155,199,25,Missed,1,,,0,v,MISS LaVine 25' 3PT Pullup Jump Shot,Missed Shot,Pullup Jump shot,1,3,547
0021800928,773,PT04M18.00S,6,1610612737,ATL,1629027,Young,T. Young,0,0,0,,0,,,0,h,Young REBOUND (Off:0 Def:6),Rebound,Unknown,1,0,548
0021800928,774,PT04M04.00S,6,1610612737,ATL,1629027,Young,T. Young,-2,7,1,Made,1,142,140,282,h,Young 1' Driving Layup (47 PTS),Made Shot,Driving Layup Shot,1,2,549
0021800928,775,PT03M48.00S,6,1610612741,CHI,203490,Porter Jr.,O. Porter Jr.,112,126,17,Missed,1,,,0,v,MISS Porter Jr. 17' Pullup Jump Shot,Missed Shot,Pullup Jump shot,1,2,550
0021800928,776,PT03M47.00S,6,0,,1610612737,,,0,0,0,,0,,,0,h,HAWKS Rebound,Rebound,Unknown,0,0,551
0021800928,778,PT03M37.00S,6,1610612737,ATL,203145,Bazemore,K. Bazemore,236,-6,24,Missed,1,,,0,h,MISS Bazemore 24' 3PT Jump Shot,Missed Shot,Jump Shot,1,3,552
0021800928,779,PT03M36.00S,6,1610612741,CHI,1628374,Markkanen,L. Markkanen,0,0,0,,0,,,0,v,Markkanen REBOUND (Off:1 Def:13),Rebound,Unknown,1,0,553
0021800928,780,PT03M36.00S,6,1610612737,ATL,203458,Len,A. Len,0,0,0,,0,,,0,h,Len P.FOUL (P2.T1) (J.Goble),Foul,Personal,1,0,554
0021800928,782,PT03M21.00S,6,1610612741,CHI,203490,Porter Jr.,O. Porter Jr.,3,11,1,Made,1,142,142,284,v,Porter Jr. 1' Driving Layup (31 PTS),Made Shot,Driving Layup Shot,1,2,555
0021800928,783,PT03M11.00S,6,1610612737,ATL,1627761,Bembry,D. Bembry,227,31,0,Made,1,145,142,287,h,Bembry 3PT Jump Shot (13 PTS) (Young 13 AST),Made Shot,Jump Shot,1,3,556
0021800928,785,PT02M51.00S,6,1610612741,CHI,1627782,Selden,W. Selden,-112,230,26,Missed,1,,,0,v,MISS Selden 26' 3PT Jump Shot,Missed Shot,Jump Shot,1,3,557
0021800928,786,PT02M50.00S,6,1610612737,ATL,203145,Bazemore,K. Bazemore,0,0,0,,0,,,0,h,Bazemore REBOUND (Off:0 Def:2),Rebound,Unknown,1,0,558
0021800928,787,PT02M43.00S,6,0,,1610612737,,,0,0,0,,0,,,0,h,HAWKS Timeout: Regular (Full 9 Short 0),Timeout,Regular,0,0,559
0021800928,788,PT02M43.00S,6,0,,783,Brickowski,F. Brickowski,0,0,0,,0,145,142,287,,Instant Replay2nd OT (10:22 PM EST),Instant Replay,Support Ruling,0,0,560
0021800928,789,PT02M43.00S,6,1610612737,ATL,1628989,Huerter,K. Huerter,0,0,0,,0,,,0,h,SUB: Prince FOR Huerter,Substitution,,0,0,561
0021800928,790,PT02M43.00S,6,1610612737,ATL,203145,Bazemore,K. Bazemore,0,0,0,,0,,,0,h,SUB: Carter FOR Bazemore,Substitution,,0,0,562
0021800928,793,PT02M33.00S,6,1610612737,ATL,1629027,Young,T. Young,-8,13,2,Missed,1,,,0,h,MISS Young 2' Layup,Missed Shot,Layup Shot,1,2,563
0021800928,793,PT02M33.00S,6,1610612741,CHI,1628374,Markkanen,L. Markkanen,0,0,0,,0,,,0,v,Markkanen BLOCK (1 BLK),,,1,2,564
0021800928,795,PT02M29.00S,6,1610612737,ATL,203458,Len,A. Len,0,0,0,,0,,,0,h,Len REBOUND (Off:1 Def:7),Rebound,Unknown,1,0,565
0021800928,796,PT02M28.00S,6,1610612737,ATL,1629027,Young,T. Young,-17,36,4,Missed,1,,,0,h,MISS Young 4' Layup,Missed Shot,Layup Shot,1,2,566
0021800928,797,PT02M28.00S,6,1610612737,ATL,203458,Len,A. Len,0,0,0,,0,,,0,h,Len REBOUND (Off:2 Def:7),Rebound,Unknown,1,0,567
0021800928,798,PT02M25.00S,6,1610612737,ATL,203458,Len,A. Len,0,-6,1,Made,1,147,142,289,h,Len 1' Tip Layup Shot (16 PTS),Made Shot,Tip Layup Shot,1,2,568
0021800928,799,PT02M14.00S,6,1610612741,CHI,203897,LaVine,Z. LaVine,0,13,1,Made,1,147,144,291,v,LaVine 1' Driving Dunk (39 PTS),Made Shot,Driving Dunk Shot,1,2,569
0021800928,800,PT01M44.00S,6,1610612737,ATL,1713,Carter,V. Carter,-71,143,16,Missed,1,,,0,h,MISS Carter 16' Pullup Jump Shot,Missed Shot,Pullup Jump shot,1,2,570
0021800928,801,PT01M41.00S,6,1610612741,CHI,203897,LaVine,Z. LaVine,0,0,0,,0,,,0,v,LaVine REBOUND (Off:2 Def:3),Rebound,Unknown,1,0,571
0021800928,802,PT01M33.00S,6,1610612741,CHI,203897,LaVine,Z. LaVine,-97,25,10,Missed,1,,,0,v,MISS LaVine 10' Pullup Jump Shot,Missed Shot,Pullup Jump shot,1,2,572
0021800928,803,PT01M29.00S,6,1610612737,ATL,203458,Len,A. Len,0,0,0,,0,,,0,h,Len REBOUND (Off:2 Def:8),Rebound,Unknown,1,0,573
0021800928,804,PT01M07.00S,6,1610612741,CHI,1627782,Selden,W. Selden,0,0,0,,0,,,0,v,Selden S.FOUL (P2.T1) (G.Petraitis),Foul,Shooting,1,0,574
0021800928,806,PT01M07.00S,6,1610612737,ATL,203458,Len,A. Len,0,0,0,,0,,,0,h,MISS Len Free Throw 1 of 2,Free Throw,Free Throw 1 of 2,1,0,575
0021800928,807,PT01M07.00S,6,0,,1610612737,,,0,0,0,,0,,,0,h,HAWKS Rebound,Rebound,Normal Rebound,0,0,576
0021800928,808,PT01M07.00S,6,1610612737,ATL,203458,Len,A. Len,0,0,0,,0,,,0,h,MISS Len Free Throw 2 of 2,Free Throw,Free Throw 2 of 2,1,0,577
0021800928,809,PT01M04.00S,6,1610612741,CHI,203897,LaVine,Z. LaVine,0,0,0,,0,,,0,v,LaVine REBOUND (Off:2 Def:4),Rebound,Unknown,1,0,578
0021800928,810,PT01M00.00S,6,1610612741,CHI,203897,LaVine,Z. LaVine,-147,208,25,Missed,1,,,0,v,MISS LaVine 25' 3PT Pullup Jump Shot,Missed Shot,Pullup Jump shot,1,3,579
0021800928,811,PT00M57.70S,6,1610612737,ATL,1629027,Young,T. Young,0,0,0,,0,,,0,h,Young REBOUND (Off:0 Def:7),Rebound,Unknown,1,0,580
0021800928,812,PT00M35.20S,6,1610612737,ATL,1627752,Prince,T. Prince,0,0,0,,0,,,0,h,Prince Out of Bounds - Bad Pass Turnover Turnover (P1.T15),Turnover,Out of Bounds - Bad Pass Turnover,1,0,581
0021800928,813,PT00M35.20S,6,0,,1610612741,,,0,0,0,,0,,,0,v,Bulls Timeout: Regular (Reg.8 Short 0),Timeout,Regular,0,0,582
0021800928,814,PT00M35.20S,6,1610612737,ATL,203458,Len,A. Len,0,0,0,,0,,,0,h,SUB: Bazemore FOR Len,Substitution,,0,0,583
0021800928,816,PT00M25.10S,6,1610612741,CHI,1627853,Arcidiacono,R. Arcidiacono,-225,21,0,Made,1,147,147,294,v,Arcidiacono 3PT Jump Shot (10 PTS) (LaVine 9 AST),Made Shot,Jump Shot,1,3,584
0021800928,818,PT00M10.60S,6,1610612737,ATL,1713,Carter,V. Carter,-172,200,26,Missed,1,,,0,h,MISS Carter 26' 3PT Jump Shot,Missed Shot,Jump Shot,1,3,585
0021800928,819,PT00M07.50S,6,1610612741,CHI,1627853,Arcidiacono,R. Arcidiacono,0,0,0,,0,,,0,v,Arcidiacono REBOUND (Off:0 Def:4),Rebound,Unknown,1,0,586
0021800928,820,PT00M03.80S,6,1610612737,ATL,1627752,Prince,T. Prince,0,0,0,,0,,,0,h,Prince P.FOUL (P6.T2) (Z.Zarba),Foul,Personal,1,0,587
0021800928,822,PT00M03.80S,6,0,,1610612741,,,0,0,0,,0,,,0,v,Bulls Timeout: Regular (Reg.9 Short 0),Timeout,Regular,0,0,588
0021800928,823,PT00M03.80S,6,1610612737,ATL,1629027,Young,T. Young,0,0,0,,0,,,0,h,SUB: Anderson FOR Young,Substitution,,0,0,589
0021800928,824,PT00M03.80S,6,1610612737,ATL,1627752,Prince,T. Prince,0,0,0,,0,,,0,h,SUB: Len FOR Prince,Substitution,,0,0,590
0021800928,825,PT00M03.80S,6,1610612741,CHI,1627782,Selden,W. Selden,0,0,0,,0,,,0,v,SUB: Lopez FOR Selden,Substitution,,0,0,591
0021800928,829,PT00M01.00S,6,1610612741,CHI,203490,Porter Jr.,O. Porter Jr.,5,15,2,Missed,1,,,0,v,MISS Porter Jr. 2' Driving Layup,Missed Shot,Driving Layup Shot,1,2,592
0021800928,830,PT00M01.00S,6,0,,1610612741,,,0,0,0,,0,,,0,v,Bulls Rebound,Rebound,Unknown,1,0,593
0021800928,831,PT00M00.00S,6,0,,0,,,0,0,0,,0,147,147,294,,End of 2nd OT (10:31 PM EST),period,end,1,0,594
0021800928,836,PT05M00.00S,7,0,,0,,,0,0,0,,0,147,147,294,,Start of 3rd OT (10:34 PM EST),period,start,0,0,595
0021800928,838,PT05M00.00S,7,1610612737,ATL,203458,Len,A. Len,0,0,0,,0,,,0,h,Jump Ball Len vs. Markkanen: Tip to Carter,Jump Ball,,1,0,596
0021800928,841,PT04M43.00S,7,1610612737,ATL,1713,Carter,V. Carter,13,254,25,Missed,1,,,0,h,MISS Carter 25' 3PT Jump Shot,Missed Shot,Jump Shot,1,3,597
0021800928,842,PT04M39.00S,7,1610612741,CHI,1628374,Markkanen,L. Markkanen,0,0,0,,0,,,0,v,Markkanen REBOUND (Off:1 Def:14),Rebound,Unknown,1,0,598
0021800928,843,PT04M28.00S,7,1610612737,ATL,1713,Carter,V. Carter,0,0,0,,0,,,0,h,Carter P.FOUL (P4.T1) (J.Goble),Foul,Personal,1,0,599
0021800928,845,PT04M22.00S,7,1610612741,CHI,203897,LaVine,Z. LaVine,0,0,0,,0,,,0,v,LaVine Bad Pass Turnover (P6.T14),Turnover,Bad Pass,1,0,600
0021800928,845,PT04M22.00S,7,1610612737,ATL,1627761,Bembry,D. Bembry,0,0,0,,0,,,0,h,Bembry STEAL (1 STL),,,1,0,601
0021800928,847,PT04M20.00S,7,1610612741,CHI,203897,LaVine,Z. LaVine,0,0,0,,0,,,0,v,LaVine S.FOUL (P1.T1) (J.Goble),Foul,Shooting,1,0,602
0021800928,849,PT04M20.00S,7,1610612737,ATL,203145,Bazemore,K. Bazemore,0,0,0,,0,,,0,h,MISS Bazemore Free Throw 1 of 2,Free Throw,Free Throw 1 of 2,0,0,603
0021800928,850,PT04M20.00S,7,0,,1610612737,,,0,0,0,,0,,,0,h,HAWKS Rebound,Rebound,Normal Rebound,0,0,604
0021800928,851,PT04M20.00S,7,1610612737,ATL,203145,Bazemore,K. Bazemore,0,0,0,,0,148,147,295,h,Bazemore Free Throw 2 of 2 (4 PTS),Free Throw,Free Throw 2 of 2,0,0,605
0021800928,852,PT04M03.00S,7,1610612741,CHI,1627853,Arcidiacono,R. Arcidiacono,-231,14,0,Missed,1,,,0,v,MISS Arcidiacono 3PT Jump Shot,Missed Shot,Jump Shot,1,3,606
0021800928,853,PT03M59.00S,7,1610612737,ATL,1713,Carter,V. Carter,0,0,0,,0,,,0,h,Carter REBOUND (Off:1 Def:5),Rebound,Unknown,1,0,607
0021800928,854,PT03M45.00S,7,1610612737,ATL,1627761,Bembry,D. Bembry,-63,75,10,Missed,1,,,0,h,MISS Bembry 10' Driving Floating Jump Shot,Missed Shot,Driving Floating Jump Shot,1,2,608
0021800928,855,PT03M45.00S,7,0,,1610612741,,,0,0,0,,0,,,0,v,Bulls Rebound,Rebound,Unknown,0,0,609
0021800928,856,PT03M32.00S,7,1610612741,CHI,203490,Porter Jr.,O. Porter Jr.,107,227,25,Missed,1,,,0,v,MISS Porter Jr. 25' 3PT Pullup Jump Shot,Missed Shot,Pullup Jump shot,1,3,610
0021800928,857,PT03M28.00S,7,1610612737,ATL,1627761,Bembry,D. Bembry,0,0,0,,0,,,0,h,Bembry REBOUND (Off:0 Def:4),Rebound,Unknown,1,0,611
0021800928,858,PT03M17.00S,7,1610612737,ATL,203458,Len,A. Len,3,12,1,Made,1,150,147,297,h,Len 1' Cutting Layup Shot (18 PTS) (Young 14 AST),Made Shot,Cutting Layup Shot,1,2,612
0021800928,860,PT03M17.00S,7,1610612741,CHI,203490,Porter Jr.,O. Porter Jr.,0,0,0,,0,,,0,v,Porter Jr. S.FOUL (P4.T2) (J.Goble),Foul,Shooting,1,0,613
0021800928,862,PT03M17.00S,7,1610612741,CHI,1627782,Selden,W. Selden,0,0,0,,0,,,0,v,SUB: Harrison FOR Selden,Substitution,,0,0,614
0021800928,864,PT03M17.00S,7,1610612737,ATL,203458,Len,A. Len,0,0,0,,0,,,0,h,MISS Len Free Throw 1 of 1,Free Throw,Free Throw 1 of 1,0,0,615
0021800928,865,PT03M17.00S,7,0,,1610612741,,,0,0,0,,0,,,0,v,Bulls Rebound,Rebound,Unknown,0,0,616
0021800928,1018,PT03M17.00S,7,1610612737,ATL,203458,Len,A. Len,0,0,0,,0,,,0,h,Lane,Violation,Lane,0,0,617
0021800928,868,PT03M17.00S,7,0,,1610612741,,,0,0,0,,0,,,0,v,Bulls Timeout: Regular (Reg.10 Short 0),Timeout,Regular,0,0,618
0021800928,869,PT03M06.00S,7,1610612737,ATL,1713,Carter,V. Carter,0,0,0,,0,,,0,h,Carter S.FOUL (P5.T2) (Z.Zarba),Foul,Shooting,1,0,619
0021800928,871,PT03M06.00S,7,1610612741,CHI,1627885,Harrison,S. Harrison,0,0,0,,0,150,148,298,v,Harrison Free Throw 1 of 2 (12 PTS),Free Throw,Free Throw 1 of 2,0,0,620
0021800928,872,PT03M06.00S,7,1610612741,CHI,1627885,Harrison,S. Harrison,0,0,0,,0,150,149,299,v,Harrison Free Throw 2 of 2 (13 PTS),Free Throw,Free Throw 2 of 2,0,0,621
0021800928,873,PT02M51.00S,7,1610612737,ATL,203458,Len,A. Len,2,5,1,Made,1,152,149,301,h,Len 1' Layup (20 PTS) (Young 15 AST),Made Shot,Layup Shot,1,2,622
0021800928,875,PT02M30.00S,7,1610612741,CHI,203490,Porter Jr.,O. Porter Jr.,84,77,11,Missed,1,,,0,v,MISS Porter Jr. 11' Driving Floating Jump Shot,Missed Shot,Driving Floating Jump Shot,1,2,623
0021800928,876,PT02M28.00S,7,1610612737,ATL,1713,Carter,V. Carter,0,0,0,,0,,,0,h,Carter REBOUND (Off:1 Def:6),Rebound,Unknown,1,0,624
0021800928,877,PT02M16.00S,7,1610612741,CHI,203897,LaVine,Z. LaVine,0,0,0,,0,,,0,v,LaVine L.B.FOUL (P2.T3) (G.Petraitis),Foul,Loose Ball,1,0,625
0021800928,879,PT02M16.00S,7,1610612741,CHI,1628374,Markkanen,L. Markkanen,0,0,0,,0,,,0,v,SUB: Lopez FOR Markkanen,Substitution,,0,0,626
0021800928,881,PT02M07.00S,7,1610612737,ATL,1629027,Young,T. Young,127,211,25,Missed,1,,,0,h,MISS Young 25' 3PT Pullup Jump Shot,Missed Shot,Pullup Jump shot,1,3,627
0021800928,882,PT02M04.00S,7,1610612741,CHI,203897,LaVine,Z. LaVine,0,0,0,,0,,,0,v,LaVine REBOUND (Off:2 Def:5),Rebound,Unknown,1,0,628
0021800928,883,PT01M56.00S,7,1610612741,CHI,203897,LaVine,Z. LaVine,-222,55,0,Made,1,152,152,304,v,LaVine 3PT Jump Shot (42 PTS),Made Shot,Jump Shot,1,3,629
0021800928,884,PT01M56.00S,7,0,,1610612737,,,0,0,0,,0,,,0,h,HAWKS Timeout: Regular (Full 10 Short 0),Timeout,Regular,0,0,630
0021800928,885,PT01M56.00S,7,0,,883,,,0,0,0,,0,152,152,304,,Instant Replay3rd OT (10:43 PM EST),Instant Replay,Support Ruling,0,0,631
0021800928,886,PT01M40.00S,7,1610612737,ATL,1713,Carter,V. Carter,-147,215,26,Made,1,155,152,307,h,Carter 26' 3PT Jump Shot (13 PTS) (Young 16 AST),Made Shot,Jump Shot,1,3,632
0021800928,888,PT01M32.00S,7,1610612737,ATL,203458,Len,A. Len,0,0,0,,0,,,0,h,Len S.FOUL (P3.T3) (G.Petraitis),Foul,Shooting,1,0,633
0021800928,890,PT01M32.00S,7,1610612741,CHI,203897,LaVine,Z. LaVine,0,0,0,,0,,,0,v,MISS LaVine Free Throw 1 of 2,Free Throw,Free Throw 1 of 2,0,0,634
0021800928,891,PT01M32.00S,7,0,,1610612741,,,0,0,0,,0,,,0,v,Bulls Rebound,Rebound,Normal Rebound,0,0,635
0021800928,892,PT01M32.00S,7,1610612741,CHI,203897,LaVine,Z. LaVine,0,0,0,,0,155,153,308,v,LaVine Free Throw 2 of 2 (43 PTS),Free Throw,Free Throw 2 of 2,0,0,636
0021800928,893,PT01M15.00S,7,1610612737,ATL,1629027,Young,T. Young,49,259,26,Missed,1,,,0,h,MISS Young 26' 3PT Pullup Jump Shot,Missed Shot,Pullup Jump shot,1,3,637
0021800928,894,PT01M12.00S,7,1610612741,CHI,203897,LaVine,Z. LaVine,0,0,0,,0,,,0,v,LaVine REBOUND (Off:2 Def:6),Rebound,Unknown,1,0,638
0021800928,895,PT01M06.00S,7,1610612741,CHI,203897,LaVine,Z. LaVine,-3,10,1,Made,1,155,155,310,v,LaVine 1' Driving Layup (45 PTS),Made Shot,Driving Layup Shot,1,2,639
0021800928,896,PT00M53.50S,7,1610612737,ATL,1713,Carter,V. Carter,-206,137,25,Missed,1,,,0,h,MISS Carter 25' 3PT Jump Shot,Missed Shot,Jump Shot,1,3,640
0021800928,899,PT00M51.30S,7,0,,898,Edwards,B. Edwards,0,0,0,,0,155,155,310,,Instant Replay3rd OT (10:47 PM EST),Instant Replay,Support Ruling,0,0,641
0021800928,900,PT00M51.30S,7,1610612741,CHI,1627885,Harrison,S. Harrison,0,0,0,,0,,,0,v,SUB: Markkanen FOR Harrison,Substitution,,0,0,642
0021800928,897,PT00M50.40S,7,1610612741,CHI,203897,LaVine,Z. LaVine,0,0,0,,0,,,0,v,LaVine REBOUND (Off:2 Def:7),Rebound,Unknown,1,0,643
0021800928,898,PT00M50.40S,7,1610612741,CHI,203897,LaVine,Z. LaVine,0,0,0,,0,,,0,v,LaVine Step Out of Bounds Turnover (P7.T15),Turnover,Step Out of Bounds Turnover,1,0,644
0021800928,902,PT00M30.20S,7,1610612737,ATL,1627761,Bembry,D. Bembry,0,0,0,,0,,,0,h,Bembry Traveling Turnover (P2.T16),Turnover,Traveling,1,0,645
0021800928,903,PT00M30.20S,7,0,,1610612741,,,0,0,0,,0,,,0,v,Bulls Timeout: Regular (Reg.11 Short 0),Timeout,Regular,0,0,646
0021800928,904,PT00M30.20S,7,1610612737,ATL,1629027,Young,T. Young,0,0,0,,0,,,0,h,SUB: Anderson FOR Young,Substitution,,0,0,647
0021800928,906,PT00M07.50S,7,1610612741,CHI,203897,LaVine,Z. LaVine,40,195,20,Missed,1,,,0,v,MISS LaVine 20' Pullup Jump Shot,Missed Shot,Pullup Jump shot,1,2,648
0021800928,907,PT00M06.20S,7,0,,1610612741,,,0,0,0,,0,,,0,v,Bulls Rebound,Rebound,Unknown,0,0,649
0021800928,908,PT00M06.20S,7,0,,1610612741,,,0,0,0,,0,,,0,v,Bulls Turnover: Shot Clock (T#16),Turnover,Shot Clock Turnover,0,0,650
0021800928,909,PT00M06.20S,7,0,,1610612737,,,0,0,0,,0,,,0,h,HAWKS Timeout: Regular (Full 11 Short 0),Timeout,Regular,0,0,651
0021800928,910,PT00M06.20S,7,1610612737,ATL,1626147,Anderson,J. Anderson,0,0,0,,0,,,0,h,SUB: Young FOR Anderson,Substitution,,0,0,652
0021800928,911,PT00M06.20S,7,1610612741,CHI,201577,Lopez,R. Lopez,0,0,0,,0,,,0,v,SUB: Harrison FOR Lopez,Substitution,,0,0,653
0021800928,914,PT00M04.20S,7,1610612737,ATL,1629027,Young,T. Young,0,0,0,,0,,,0,h,Young Step Out of Bounds Turnover (P7.T17),Turnover,Step Out of Bounds Turnover,1,0,654
0021800928,915,PT00M04.20S,7,0,,914,Roberts,S. Roberts,0,0,0,,0,155,155,310,,Instant Replay3rd OT (10:54 PM EST),Instant Replay,Support Ruling,0,0,655
0021800928,916,PT00M04.20S,7,1610612737,ATL,1629027,Young,T. Young,0,0,0,,0,,,0,h,SUB: Anderson FOR Young,Substitution,,0,0,656
0021800928,918,PT00M01.00S,7,1610612741,CHI,203897,LaVine,Z. LaVine,0,0,0,,0,,,0,v,LaVine Offensive Charge Foul (P3.PN) (J.Goble),Foul,Offensive Charge,1,0,657
0021800928,920,PT00M01.00S,7,1610612741,CHI,203897,LaVine,Z. LaVine,0,0,0,,0,,,0,v,LaVine Offensive Foul Turnover (P8.T17),Turnover,Offensive Foul Turnover,1,0,658
0021800928,921,PT00M01.00S,7,1610612737,ATL,1626147,Anderson,J. Anderson,0,0,0,,0,,,0,h,SUB: Young FOR Anderson,Substitution,,0,0,659
0021800928,922,PT00M01.00S,7,1610612741,CHI,1627885,Harrison,S. Harrison,0,0,0,,0,,,0,v,SUB: Lopez FOR Harrison,Substitution,,0,0,660
0021800928,925,PT00M00.00S,7,1610612737,ATL,203458,Len,A. Len,106,248,27,Missed,1,,,0,h,MISS Len 27' 3PT Jump Shot,Missed Shot,Jump Shot,1,3,661
0021800928,927,PT00M00.00S,7,0,,1610612737,,,0,0,0,,0,,,0,h,HAWKS Rebound,Rebound,Unknown,0,0,662
0021800928,928,PT00M00.00S,7,0,,0,,,0,0,0,,0,155,155,310,,End of 3rd OT (10:57 PM EST),period,end,1,0,663
0021800928,931,PT05M00.00S,8,0,,0,,,0,0,0,,0,155,155,310,,Start of 4th OT (11:00 PM EST),period,start,0,0,664
0021800928,933,PT05M00.00S,8,1610612737,ATL,203458,Len,A. Len,0,0,0,,0,,,0,h,Jump Ball Len vs. Lopez: Tip to Carter,Jump Ball,,1,0,665
0021800928,936,PT04M49.00S,8,1610612741,CHI,1628374,Markkanen,L. Markkanen,0,0,0,,0,,,0,v,Markkanen P.FOUL (P2.T1) (J.Goble),Foul,Personal,1,0,666
0021800928,938,PT04M40.00S,8,1610612737,ATL,203145,Bazemore,K. Bazemore,-43,44,6,Missed,1,,,0,h,MISS Bazemore 6' Driving Layup,Missed Shot,Driving Layup Shot,1,2,667
0021800928,939,PT04M38.00S,8,1610612741,CHI,201577,Lopez,R. Lopez,0,0,0,,0,,,0,v,Lopez REBOUND (Off:4 Def:6),Rebound,Unknown,1,0,668
0021800928,940,PT04M20.00S,8,1610612741,CHI,203897,LaVine,Z. LaVine,84,240,25,Missed,1,,,0,v,MISS LaVine 25' 3PT Pullup Jump Shot,Missed Shot,Pullup Jump shot,1,3,669
0021800928,941,PT04M17.00S,8,1610612737,ATL,1627761,Bembry,D. Bembry,0,0,0,,0,,,0,h,Bembry REBOUND (Off:0 Def:5),Rebound,Unknown,1,0,670
0021800928,942,PT04M02.00S,8,1610612737,ATL,203458,Len,A. Len,222,52,0,Made,1,158,155,313,h,Len 3PT Jump Shot (23 PTS) (Bembry 2 AST),Made Shot,Jump Shot,1,3,671
0021800928,944,PT03M38.00S,8,1610612741,CHI,1628374,Markkanen,L. Markkanen,110,115,16,Made,1,158,157,315,v,Markkanen 16' Pullup Jump Shot (27 PTS),Made Shot,Pullup Jump shot,1,2,672
0021800928,945,PT03M26.00S,8,1610612741,CHI,1627853,Arcidiacono,R. Arcidiacono,0,0,0,,0,,,0,v,Arcidiacono P.FOUL (P4.T2) (G.Petraitis),Foul,Personal,1,0,673
0021800928,947,PT03M26.00S,8,1610612737,ATL,1629121,Adams,J. Adams,0,0,0,,0,,,0,h,SUB: Young FOR Adams,Substitution,,0,0,674
0021800928,949,PT03M19.00S,8,1610612737,ATL,1629027,Young,T. Young,-44,96,11,Missed,1,,,0,h,MISS Young 11' Driving Layup,Missed Shot,Driving Layup Shot,1,2,675
0021800928,950,PT03M16.00S,8,1610612737,ATL,1629027,Young,T. Young,0,0,0,,0,,,0,h,Young REBOUND (Off:1 Def:7),Rebound,Unknown,1,0,676
0021800928,951,PT03M14.00S,8,1610612737,ATL,1629027,Young,T. Young,0,0,0,,0,,,0,h,Young Lost Ball Turnover (P8.T18),Turnover,Lost Ball,1,0,677
0021800928,951,PT03M14.00S,8,1610612741,CHI,203897,LaVine,Z. LaVine,0,0,0,,0,,,0,v,LaVine STEAL (2 STL),,,1,0,678
0021800928,953,PT03M10.00S,8,1610612741,CHI,203897,LaVine,Z. LaVine,3,14,1,Missed,1,,,0,v,MISS LaVine 1' Layup,Missed Shot,Layup Shot,1,2,679
0021800928,954,PT03M06.00S,8,1610612741,CHI,1628374,Markkanen,L. Markkanen,0,0,0,,0,,,0,v,Markkanen REBOUND (Off:2 Def:14),Rebound,Unknown,1,0,680
0021800928,955,PT03M06.00S,8,1610612741,CHI,1628374,Markkanen,L. Markkanen,0,-6,1,Missed,1,,,0,v,MISS Markkanen 1' Tip Dunk Shot,Missed Shot,Tip Dunk Shot,1,2,681
0021800928,956,PT03M05.00S,8,1610612737,ATL,1627761,Bembry,D. Bembry,0,0,0,,0,,,0,h,Bembry REBOUND (Off:0 Def:6),Rebound,Unknown,1,0,682
0021800928,957,PT03M05.00S,8,1610612741,CHI,201577,Lopez,R. Lopez,0,0,0,,0,,,0,v,Lopez S.FOUL (P3.T3) (J.Goble),Foul,Shooting,1,0,683
0021800928,959,PT03M05.00S,8,1610612737,ATL,203458,Len,A. Len,0,0,0,,0,159,157,316,h,Len Free Throw 1 of 2 (24 PTS),Free Throw,Free Throw 1 of 2,0,0,684
0021800928,960,PT03M05.00S,8,1610612737,ATL,203458,Len,A. Len,0,0,0,,0,,,0,h,MISS Len Free Throw 2 of 2,Free Throw,Free Throw 2 of 2,0,0,685
0021800928,961,PT03M03.00S,8,1610612741,CHI,1628374,Markkanen,L. Markkanen,0,0,0,,0,,,0,v,Markkanen REBOUND (Off:2 Def:15),Rebound,Unknown,1,0,686
0021800928,962,PT02M40.00S,8,1610612741,CHI,201577,Lopez,R. Lopez,0,9,1,Made,1,159,159,318,v,Lopez 1' Dunk (9 PTS) (Porter Jr. 4 AST),Made Shot,Dunk Shot,1,2,687
0021800928,964,PT02M14.00S,8,1610612737,ATL,1629027,Young,T. Young,0,0,0,,0,,,0,h,Young Bad Pass Turnover (P9.T19),Turnover,Bad Pass,1,0,688
0021800928,964,PT02M14.00S,8,1610612741,CHI,1628374,Markkanen,L. Markkanen,0,0,0,,0,,,0,v,Markkanen STEAL (1 STL),,,1,0,689
0021800928,966,PT02M05.00S,8,1610612737,ATL,203458,Len,A. Len,0,0,0,,0,,,0,h,Len P.FOUL (P4.T1) (Z.Zarba),Foul,Personal,1,0,690
0021800928,968,PT01M59.00S,8,1610612737,ATL,203458,Len,A. Len,0,0,0,,0,,,0,h,Len S.FOUL (P5.T2) (Z.Zarba),Foul,Shooting,1,0,691
0021800928,970,PT01M59.00S,8,1610612741,CHI,1628374,Markkanen,L. Markkanen,0,0,0,,0,159,160,319,v,Markkanen Free Throw 1 of 3 (28 PTS),Free Throw,Free Throw 1 of 3,1,0,692
0021800928,971,PT01M59.00S,8,1610612741,CHI,1628374,Markkanen,L. Markkanen,0,0,0,,0,159,161,320,v,Markkanen Free Throw 2 of 3 (29 PTS),Free Throw,Free Throw 2 of 3,1,0,693
0021800928,972,PT01M59.00S,8,1610612741,CHI,1628374,Markkanen,L. Markkanen,0,0,0,,0,159,162,321,v,Markkanen Free Throw 3 of 3 (30 PTS),Free Throw,Free Throw 3 of 3,1,0,694
0021800928,973,PT01M43.00S,8,1610612737,ATL,1627761,Bembry,D. Bembry,8,11,1,Missed,1,,,0,h,MISS Bembry 1' Driving Layup,Missed Shot,Driving Layup Shot,1,2,695
0021800928,974,PT01M43.00S,8,0,,1610612737,,,0,0,0,,0,,,0,h,HAWKS Rebound,Rebound,Unknown,0,0,696
0021800928,1016,PT01M43.00S,8,1610612737,ATL,203458,Len,A. Len,0,0,0,,0,,,0,h,Len Kicked Ball Violation Turnover (P1.T20),Turnover,Kicked Ball Violation,0,0,697
0021800928,976,PT01M31.00S,8,1610612741,CHI,203490,Porter Jr.,O. Porter Jr.,-5,16,2,Missed,1,,,0,v,MISS Porter Jr. 2' Driving Layup,Missed Shot,Driving Layup Shot,1,2,698
0021800928,977,PT01M28.00S,8,1610612741,CHI,201577,Lopez,R. Lopez,0,0,0,,0,,,0,v,Lopez REBOUND (Off:5 Def:6),Rebound,Unknown,1,0,699
0021800928,978,PT01M28.00S,8,1610612741,CHI,201577,Lopez,R. Lopez,0,-6,1,Made,1,159,164,323,v,Lopez 1' Tip Dunk Shot (11 PTS),Made Shot,Tip Dunk Shot,1,2,700
0021800928,979,PT01M24.00S,8,1610612737,ATL,1629027,Young,T. Young,-44,22,5,Made,1,161,164,325,h,Young 5' Driving Layup (49 PTS),Made Shot,Driving Layup Shot,1,2,701
0021800928,980,PT01M08.00S,8,1610612741,CHI,203490,Porter Jr.,O. Porter Jr.,-8,195,20,Missed,1,,,0,v,MISS Porter Jr. 20' Step Back Jump Shot,Missed Shot,Step Back Jump shot,1,2,702
0021800928,981,PT01M05.00S,8,1610612737,ATL,1627761,Bembry,D. Bembry,0,0,0,,0,,,0,h,Bembry REBOUND (Off:0 Def:7),Rebound,Unknown,1,0,703
0021800928,982,PT01M01.00S,8,1610612737,ATL,1713,Carter,V. Carter,-153,239,28,Missed,1,,,0,h,MISS Carter 28' 3PT Jump Shot,Missed Shot,Jump Shot,1,3,704
0021800928,983,PT00M57.50S,8,1610612741,CHI,1627853,Arcidiacono,R. Arcidiacono,0,0,0,,0,,,0,v,Arcidiacono REBOUND (Off:0 Def:5),Rebound,Unknown,1,0,705
0021800928,984,PT00M37.10S,8,1610612741,CHI,203897,LaVine,Z. LaVine,2,16,2,Made,1,161,166,327,v,LaVine 2' Driving Layup (47 PTS),Made Shot,Driving Layup Shot,1,2,706
0021800928,985,PT00M37.10S,8,0,,1610612737,,,0,0,0,,0,,,0,h,HAWKS Timeout: Regular (Full 12 Short 0),Timeout,Regular,0,0,707
0021800928,986,PT00M31.00S,8,1610612737,ATL,203145,Bazemore,K. Bazemore,-168,189,25,Missed,1,,,0,h,MISS Bazemore 25' 3PT Jump Shot,Missed Shot,Jump Shot,1,3,708
0021800928,987,PT00M28.40S,8,1610612741,CHI,1627853,Arcidiacono,R. Arcidiacono,0,0,0,,0,,,0,v,Arcidiacono REBOUND (Off:0 Def:6),Rebound,Unknown,1,0,709
0021800928,988,PT00M19.40S,8,0,,1610612741,,,0,0,0,,0,,,0,v,Bulls Timeout: Regular (Reg.12 Short 0),Timeout,Regular,0,0,710
0021800928,989,PT00M19.40S,8,1610612737,ATL,203458,Len,A. Len,0,0,0,,0,,,0,h,SUB: Anderson FOR Len,Substitution,,0,0,711
0021800928,990,PT00M19.40S,8,1610612737,ATL,1629027,Young,T. Young,0,0,0,,0,,,0,h,SUB: Adams FOR Young,Substitution,,0,0,712
0021800928,991,PT00M19.40S,8,1610612741,CHI,201577,Lopez,R. Lopez,0,0,0,,0,,,0,v,SUB: Selden FOR Lopez,Substitution,,0,0,713
0021800928,995,PT00M16.60S,8,1610612737,ATL,203145,Bazemore,K. Bazemore,0,0,0,,0,,,0,h,Bazemore P.FOUL (P3.PN) (Z.Zarba),Foul,Personal,1,0,714
0021800928,997,PT00M16.60S,8,1610612741,CHI,1627782,Selden,W. Selden,0,0,0,,0,161,167,328,v,Selden Free Throw 1 of 2 (5 PTS),Free Throw,Free Throw 1 of 2,1,0,715
0021800928,998,PT00M16.60S,8,1610612737,ATL,1626147,Anderson,J. Anderson,0,0,0,,0,,,0,h,SUB: Young FOR Anderson,Substitution,,0,0,716
0021800928,1000,PT00M16.60S,8,1610612741,CHI,1627782,Selden,W. Selden,0,0,0,,0,,,0,v,MISS Selden Free Throw 2 of 2,Free Throw,Free Throw 2 of 2,1,0,717
0021800928,1001,PT00M16.00S,8,0,,1610612741,,,0,0,0,,0,,,0,v,Bulls Rebound,Rebound,Unknown,0,0,718
0021800928,1002,PT00M16.00S,8,0,,1610612741,,,0,0,0,,0,,,0,v,Bulls Timeout: Regular (Reg.13 Short 0),Timeout,Regular,0,0,719
0021800928,1003,PT00M16.00S,8,1610612737,ATL,1629027,Young,T. Young,0,0,0,,0,,,0,h,SUB: Anderson FOR Young,Substitution,,0,0,720
0021800928,1005,PT00M14.90S,8,1610612737,ATL,1626147,Anderson,J. Anderson,0,0,0,,0,,,0,h,Anderson P.FOUL (P2.PN) (J.Goble),Foul,Personal,1,0,721
0021800928,1007,PT00M14.90S,8,1610612741,CHI,1628374,Markkanen,L. Markkanen,0,0,0,,0,,,0,v,MISS Markkanen Free Throw 1 of 2,Free Throw,Free Throw 1 of 2,1,0,722
0021800928,1008,PT00M14.90S,8,0,,1610612741,,,0,0,0,,0,,,0,v,Bulls Rebound,Rebound,Normal Rebound,0,0,723
0021800928,1009,PT00M14.90S,8,1610612737,ATL,1626147,Anderson,J. Anderson,0,0,0,,0,,,0,h,SUB: Young FOR Anderson,Substitution,,0,0,724
0021800928,1011,PT00M14.90S,8,1610612741,CHI,1628374,Markkanen,L. Markkanen,0,0,0,,0,161,168,329,v,Markkanen Free Throw 2 of 2 (31 PTS),Free Throw,Free Throw 2 of 2,1,0,725
0021800928,1012,PT00M05.80S,8,1610612737,ATL,1629121,Adams,J. Adams,230,79,24,Missed,1,,,0,h,MISS Adams 24' 3PT Jump Shot,Missed Shot,Jump Shot,1,3,726
0021800928,1013,PT00M01.40S,8,1610612741,CHI,1627782,Selden,W. Selden,0,0,0,,0,,,0,v,Selden REBOUND (Off:0 Def:2),Rebound,Unknown,1,0,727
0021800928,1014,PT00M00.00S,8,0,,0,,,0,0,0,,0,161,168,329,,End of 4th OT (11:16 PM EST),period,end,1,0,728
